 0.01720209895D0
 3498.790D0
 28.0512D0 169.5291D0
   0.1577287066246D+08   0.6666666666667D+07   0.9433962264151D+06   0.5094243504840D+06   0.2314814814815D+06   0.4225863977890D+04   0.3333333333333D+08   0.3225806451613D+06   0.2858130953844D-03
   0.6667061728782D+01   0.4585536751534D+01   0.3328306445055D+01   0.2295717646433D+01   0.1390853715957D+01   0.3940425676910D+00   0.2953088138695D+00   0.7920197763193D-01   0.5839811452566D-03
    1    1
    1   0.5196910356411064D-02   0.3141592653589793D+01   0.0000000000000000D+00  0  0  0  0  0  0  0  0
    2   0.2760763800054540D-04   0.6863463000141887D+00   0.8904537688864059D-01  0  0  0  0  0  0  0  0
    3   0.9347313993693880D-05   0.2209688858348459D+01   0.1019765304355295D+02  0  0  0  0  0  0  0  0
 9998  0  0  0  0  0  0  0  0  0  0  0
    4   0.1247132122206555D-03   0.3384553386830940D+01   0.2428763081719043D+04  2  0 -2  0  0  0  0  0
    5   0.5773002078925660D-04   0.9293070332553311D+00   0.2428852127095932D+04  2  0 -2  0  0  0  0  0
    6   0.5767710349652186D-04   0.2698207086816744D+01   0.2428674036342154D+04  2  0 -2  0  0  0  0  0
    7   0.1211438560239529D-04   0.2011860786802310D+01   0.2428584990965266D+04  2  0 -2  0  0  0  0  0
    8   0.1201719293977645D-04   0.4757245986859100D+01   0.2428941172472820D+04  2  0 -2  0  0  0  0  0
 9999  0  0  0  0  0  0  0  0  0  0  0
    1    2
    0   0.1822484926062486D+00      0.2435144296437475D+04
    1   0.7574073228630605D+00   0.6863463000141887D+00   0.8904537688864059D-01  0  0  0  0  0  0  0  0
    2   0.1243299165183161D-01   0.2059038900042566D+01   0.2671361306659218D+00  0  0  0  0  0  0  0  0
    3   0.2266397525680950D-02   0.2209688858348459D+01   0.1019765304355295D+02  0  0  0  0  0  0  0  0
    4   0.1059900648786554D-02   0.4664935211924063D+01   0.1010860766666431D+02  0  0  0  0  0  0  0  0
    5   0.1022783782146454D-02   0.2896035158362648D+01   0.1028669842044159D+02  0  0  0  0  0  0  0  0
    6   0.7266042399548720D-03   0.1372692600028377D+01   0.1780907537772812D+00  0  0  0  0  0  0  0  0
    7   0.5060827138159436D-03   0.4533623190990083D+01   0.5765338167707570D-01  0  0  0  0  0  0  0  0
    8   0.3590283311520520D-03   0.3431731500070944D+01   0.4452268844432029D+00  0  0  0  0  0  0  0  0
    9   0.2628008938901560D-03   0.5445714149319756D-01   0.6492496159975472D-01  0  0  0  0  0  0  0  0
   10   0.2459408712169538D-03   0.3122254716217880D+01   0.1204373721002055D+00  0  0  0  0  0  0  0  0
   11   0.2237171274873740D-03   0.8369962583200818D+00   0.1001956228977567D+02  0  0  0  0  0  0  0  0
   12   0.2097481794022580D-03   0.3582381458376836D+01   0.1037574379733023D+02  0  0  0  0  0  0  0  0
   13   0.1969761970496516D-03   0.4459828112124973D+01   0.1131657921775265D+00  0  0  0  0  0  0  0  0
   14   0.1276023939118606D-03   0.5446831688805226D+01   0.5021841352532276D+01  0  0  0  0  0  0  0  0
   15   0.1163953693117700D-03   0.3677931635243811D+01   0.5199932106309558D+01  0  0  0  0  0  0  0  0
   16   0.9230818991264319D-04   0.2435908416203692D+01   0.3139199521156488D-01  0  0  0  0  0  0  0  0
   17   0.7345436389839680D-04   0.4239927673886392D+01   0.3866357513424390D-01  0  0  0  0  0  0  0  0
   18   0.4870003920011340D-04   0.3292242611895686D+01   0.9930516912887027D+01  0  0  0  0  0  0  0  0
   19   0.4473029935270700D-04   0.4268727758391025D+01   0.1046478917421887D+02  0  0  0  0  0  0  0  0
   20   0.2799611810201398D-04   0.5219969491004272D+01   0.1466987585657163D+00  0  0  0  0  0  0  0  0
   21   0.1317556115144799D-04   0.2490365557696890D+01   0.9631695681131960D-01  0  0  0  0  0  0  0  0
   22   0.1284412109690001D-04   0.2764723137428667D+01   0.2357441354543569D+00  0  0  0  0  0  0  0  0
   23   0.1096551493377600D-04   0.2023919695921281D+01   0.8177379696596157D-01  0  0  0  0  0  0  0  0
   24   0.9505947727365781D-05   0.3697269572615722D+01   0.5079494734209352D+01  0  0  0  0  0  0  0  0
   25   0.9283150504689616D-05   0.1804019257682701D+01   0.7271579922679017D-02  0  0  0  0  0  0  0  0
   26   0.9274943256038984D-05   0.6670083626422765D+00   0.2094827489888461D+00  0  0  0  0  0  0  0  0
   27   0.8715614709370008D-05   0.4494947316246257D+01   0.2985281258774867D+00  0  0  0  0  0  0  0  0
   28   0.5198697062661200D-05   0.4383615872629911D+01   0.5168540111097993D+01  0  0  0  0  0  0  0  0
   29   0.3847028724666396D-05   0.6152515926191327D+01   0.4990449357320712D+01  0  0  0  0  0  0  0  0
 9998  0  0  0  0  0  0  0  0  0  0  0
   30   0.1456357118609923D-03   0.2429607332411430D+00   0.2428763081719043D+04  2  0 -2  0  0  0  0  0
   31   0.6713447572711532D-04   0.4070899686845125D+01   0.2428852127095932D+04  2  0 -2  0  0  0  0  0
   32   0.6681066992467156D-04   0.5839799740406537D+01   0.2428674036342154D+04  2  0 -2  0  0  0  0  0
   33   0.1422191153382851D-04   0.5153453440392031D+01   0.2428584990965266D+04  2  0 -2  0  0  0  0  0
   34   0.1410806846233703D-04   0.1615653333269246D+01   0.2428941172472820D+04  2  0 -2  0  0  0  0  0
   35   0.8436544361747722D-05   0.5237122972947232D+01   0.1479320878997066D+03 -1  3 -2  0  0  0  0  0
 9999  0  0  0  0  0  0  0  0  0  0  0
    1    3
    1   0.1598170384010833D-01   0.6222473066544683D+01   0.6381214718431950D+01 -1  0  2  0  0  0  0  0
    2   0.7314708595483528D-02   0.2394534112940702D+01   0.6292169341543310D+01 -1  0  2  0  0  0  0  0
    3   0.7111400179101439D-02   0.6256340593792847D+00   0.6470260095320591D+01 -1  0  2  0  0  0  0  0
    4   0.1511549643267883D-02   0.4849780466516306D+01   0.6203123964654669D+01 -1  0  2  0  0  0  0  0
    5   0.1462159663847020D-02   0.1311980359393475D+01   0.6559305472209232D+01 -1  0  2  0  0  0  0  0
    6   0.3336219324045869D-03   0.1021841512912324D+01   0.6114078587766029D+01 -1  0  2  0  0  0  0  0
    7   0.3306740201503266D-03   0.1998326659407663D+01   0.6648350849097872D+01 -1  0  2  0  0  0  0  0
    8   0.1607455685492625D-03   0.4012828055947553D+01  -0.3816438325120998D+01 -1  0  2  0  0  0  0  0
    9   0.7741070178691200D-04   0.1331318296765385D+01   0.6438868100109027D+01 -1  0  2  0  0  0  0  0
   10   0.7462286917233880D-04   0.2684672959421853D+01   0.6737396225986513D+01 -1  0  2  0  0  0  0  0
   11   0.7291096595471061D-04   0.3477087866487927D+01   0.6025033210877388D+01 -1  0  2  0  0  0  0  0
   12   0.6027636670891800D-04   0.3061542475582978D+01   0.6501652090532156D+01 -1  0  2  0  0  0  0  0
   13   0.4732749947219130D-04   0.1688849875554602D+01   0.6323561336754874D+01 -1  0  2  0  0  0  0  0
   14   0.3701056581056820D-04   0.2375196175568790D+01   0.6412606713643515D+01 -1  0  2  0  0  0  0  0
   15   0.3214169596116360D-04   0.6241811003916594D+01   0.6260777346331746D+01 -1  0  2  0  0  0  0  0
   16   0.2716644193630320D-04   0.4144096229130206D+01   0.6234515959866234D+01 -1  0  2  0  0  0  0  0
   17   0.2628589083368250D-04   0.2017664596779575D+01   0.6527913476997668D+01 -1  0  2  0  0  0  0  0
   18   0.2051066737888520D-04   0.6449719967511965D+00   0.6349822723220386D+01 -1  0  2  0  0  0  0  0
   19   0.2018714468805330D-04   0.3747888775597167D+01   0.6590697467420797D+01 -1  0  2  0  0  0  0  0
   20   0.1733062364950220D-04   0.2413872050312614D+01   0.6171731969443105D+01 -1  0  2  0  0  0  0  0
   21   0.1650028552141730D-04   0.4604222971289160D+01   0.1648982238509626D+02 -1  0  2  0  0  0  0  0
   22   0.1636165431356800D-04   0.3371019259436040D+01   0.6826441602875153D+01 -1  0  2  0  0  0  0  0
   23   0.1620277455112710D-04   0.2835322917727745D+01   0.1666791313887354D+02 -1  0  2  0  0  0  0  0
   24   0.1578422930662670D-04   0.5932334220063532D+01   0.5935987833988747D+01 -1  0  2  0  0  0  0  0
   25   0.1155548887648690D-04   0.2148976617713557D+01   0.1657886776198490D+02 -1  0  2  0  0  0  0  0
   26   0.8915309088647409D-05   0.3161572755262240D+00   0.6145470582977594D+01 -1  0  2  0  0  0  0  0
   27   0.7716155921462711D-05   0.7762840176851795D+00   0.1640077700820762D+02 -1  0  2  0  0  0  0  0
   28   0.7443474433517800D-05   0.3521669217741933D+01   0.1675695851576218D+02 -1  0  2  0  0  0  0  0
   29   0.7427257818452120D-05   0.2704010896793763D+01   0.6616958853886308D+01 -1  0  2  0  0  0  0  0
   30   0.6793672394573960D-05   0.4434235075611354D+01   0.6679742844309437D+01 -1  0  2  0  0  0  0  0
   31   0.6526439278535280D-05   0.4869118403888217D+01   0.6082686592554465D+01 -1  0  2  0  0  0  0  0
 9998  0  0  0  0  0  0  0  0  0  0  0
   32   0.2602700419616530D-02   0.1822484926062486D+00   0.2435144296437475D+04  1  0  0  0  0  0  0  0
   33   0.6248133126576452D-04   0.4252092258474006D+00   0.4863907378156518D+04  3  0 -2  0  0  0  0  0
   34   0.2892274500639771D-04   0.4253148179451381D+01   0.4863996423533407D+04  3  0 -2  0  0  0  0  0
   35   0.2889623530439334D-04   0.6022048233012799D+01   0.4863818332779630D+04  3  0 -2  0  0  0  0  0
   36   0.6069308702586342D-05   0.5335701932998608D+01   0.4863729287402741D+04  3  0 -2  0  0  0  0  0
   37   0.6020614391923135D-05   0.1797901825875778D+01   0.4864085468910296D+04  3  0 -2  0  0  0  0  0
   38   0.5322831922763783D-05   0.5176410732312329D+01   0.1543133026181386D+03 -2  3  0  0  0  0  0  0
 9999  0  0  0  0  0  0  0  0  0  0  0
    1    4
    1   0.1188963618162444D-01   0.4087787867376310D+01  -0.6371881689831457D+01 -1  0  2  0  0  0  0  0
    2   0.5317666807877856D-02   0.2598489137723283D+00  -0.6460927066720098D+01 -1  0  2  0  0  0  0  0
    3   0.5301694964646620D-02   0.4774134167390498D+01  -0.6282836312942816D+01 -1  0  2  0  0  0  0  0
    4   0.1092196251660480D-02   0.2715095267347932D+01  -0.6549972443608739D+01 -1  0  2  0  0  0  0  0
    5   0.1074089419341231D-02   0.5460480467404687D+01  -0.6193790936054175D+01 -1  0  2  0  0  0  0  0
    6   0.2328430197381575D-03   0.6146826767418875D+01  -0.6104745559165536D+01 -1  0  2  0  0  0  0  0
    7   0.2224213393203463D-03   0.5170341620923537D+01  -0.6639017820497378D+01 -1  0  2  0  0  0  0  0
    8   0.5463249591300440D-04   0.5479818404776600D+01  -0.6314228308154381D+01 -1  0  2  0  0  0  0  0
    9   0.5206791451508880D-04   0.5499877602534791D+00  -0.6015700182276895D+01 -1  0  2  0  0  0  0  0
   10   0.5011145194424460D-04   0.1342402667319555D+01  -0.6728063197386019D+01 -1  0  2  0  0  0  0  0
   11   0.4248311992240600D-04   0.9268572764146046D+00  -0.6251444317731250D+01 -1  0  2  0  0  0  0  0
   12   0.3275262890701040D-04   0.5837349983565814D+01  -0.6429535071508532D+01 -1  0  2  0  0  0  0  0
   13   0.2612362501347000D-04   0.2405109764004165D+00  -0.6340489694619891D+01 -1  0  2  0  0  0  0  0
   14   0.2254194030722800D-04   0.4107125804748224D+01  -0.6492319061931663D+01 -1  0  2  0  0  0  0  0
   15   0.1978445332406060D-04   0.5019691662617644D+01  -0.1656953473338440D+02 -1  0  2  0  0  0  0  0
   16   0.1876210282323130D-04   0.2009411029961832D+01  -0.6518580448397173D+01 -1  0  2  0  0  0  0  0
   17   0.1838941226078010D-04   0.6166164704790789D+01  -0.6225182931265740D+01 -1  0  2  0  0  0  0  0
   18   0.1417196313981720D-04   0.4793472104762412D+01  -0.6403273685043022D+01 -1  0  2  0  0  0  0  0
   19   0.1412387702084000D-04   0.1613203576428794D+01  -0.6162398940842610D+01 -1  0  2  0  0  0  0  0
   20   0.1200955094991380D-04   0.2791868511442401D+00  -0.6581364438820303D+01 -1  0  2  0  0  0  0  0
   21   0.1141748624638240D-04   0.7006377185593701D+00   0.3914816730610132D+01 -1  0  2  0  0  0  0  0
   22   0.1140613650769890D-04   0.2469537772120787D+01   0.3736725976832851D+01 -1  0  2  0  0  0  0  0
   23   0.1139717898986310D-04   0.1236334060267667D+01  -0.5926654805388254D+01 -1  0  2  0  0  0  0  0
   24   0.1083732897435760D-04   0.3797649020895159D+01  -0.6817108574274660D+01 -1  0  2  0  0  0  0  0
   25   0.8188197469152401D-05   0.1429141854518208D-01   0.3825771353721492D+01 -1  0  2  0  0  0  0  0
   26   0.6138904676788960D-05   0.4464657383537437D+01  -0.6607625825285813D+01 -1  0  2  0  0  0  0  0
   27   0.5339008498818640D-05   0.4924784125696391D+01   0.3647680599944211D+01 -1  0  2  0  0  0  0  0
   28   0.5211706783516070D-05   0.1386984018573560D+01   0.4003862107498773D+01 -1  0  2  0  0  0  0  0
   29   0.5186530053942100D-05   0.5693256976253909D+00  -0.6136137554377100D+01 -1  0  2  0  0  0  0  0
 9998  0  0  0  0  0  0  0  0  0  0  0
   30   0.1477125534949241D-04   0.2559894425015774D+01   0.4876660474564782D+04  3  0 -2  0  0  0  0  0
   31   0.6813829579894155D-05   0.1873548125001586D+01   0.4876571429187893D+04  3  0 -2  0  0  0  0  0
   32   0.6707536779238787D-05   0.1046480714401697D+00   0.4876749519941671D+04  3  0 -2  0  0  0  0  0
 9999  0  0  0  0  0  0  0  0  0  0  0
    2    1
    1   0.3147075653259473D-02   0.3141592653589793D+01   0.0000000000000000D+00  0  0  0  0  0  0  0  0
 9998  0  0  0  0  0  0  0  0  0  0  0
    2   0.2265054397578757D-04   0.7519405621081341D+00   0.1672712856276297D+04  0  2  0 -2  0  0  0  0
    3   0.7116593169805980D-05   0.5461033287440088D+00   0.9184067388830385D+03  0  2 -2  0  0  0  0  0
 9999  0  0  0  0  0  0  0  0  0  0  0
    2    2
    0   0.7997716657090215D+00      0.1674867298497696D+04
    1   0.4496393702552367D-02   0.2342959364982154D+01   0.5659095156176798D+00  0  0  0  0  0  0  0  0
    2   0.3354575501528797D-02   0.4597833882505114D+01   0.1617016547228022D+01  0  0  0  0  0  0  0  0
    3   0.3106536996299520D-04   0.2912482457830643D+01   0.3234033094456044D+01  0  0  0  0  0  0  0  0
 9998  0  0  0  0  0  0  0  0  0  0  0
    4   0.2407327778886120D-04   0.4985440644756694D+01   0.4592033694415193D+03  0  1 -1  0  0  0  0  0
    5   0.2157848301674358D-04   0.3893533207807963D+01   0.1672712856276297D+04  0  2  0 -2  0  0  0  0
    6   0.2107499273982886D-04   0.5461033287440088D+00   0.9184067388830385D+03  0  2 -2  0  0  0  0  0
    7   0.1204571746494518D-04   0.3481858748969675D+01   0.1641006214897798D+03  0  2 -4  2  0  0  0  0
    8   0.1082902927586888D-04   0.2389951319910909D+01   0.1377610108324558D+04  0  3 -3  0  0  0  0  0
    9   0.6457229782189520D-05   0.4233799311077810D+01   0.1836813477766077D+04  0  4 -4  0  0  0  0  0
   10   0.5359800347726300D-05   0.1150736720732397D+01   0.3061886502424254D+04  0  2  0  0  0 -2  0  0
   11   0.4253124471669380D-05   0.1946766624913765D+01   0.8363564281381487D+03  0  1  0 -1  0  0  0  0
   12   0.4159628279141040D-05   0.6077647302244714D+01   0.2296016847207596D+04  0  5 -5  0  0  0  0  0
 9999  0  0  0  0  0  0  0  0  0  0  0
    2    3
    1   0.4803805197845248D-02   0.3189423405738944D+01   0.2154442221398995D+01  0 -1  0  2  0  0  0  0
    2   0.1097719996101334D-03   0.5532383110312554D+01   0.2720351737016674D+01  0 -1  0  2  0  0  0  0
    3   0.7443719437241270D-05   0.3988057033938039D+01   0.1588532705781315D+01  0 -1  0  2  0  0  0  0
    4   0.6715628349206410D-05   0.4645664974245721D+01   0.3771458768627016D+01  0 -1  0  2  0  0  0  0
    5   0.6526400221336371D-05   0.2681979744993624D+01   0.8933864296234374D-02  0  0  0  0  0  0  0  0
    6   0.5778112672027477D-05   0.1733182516415079D+01   0.5374256741709729D+00  0 -1  0  2  0  0  0  0
 9998  0  0  0  0  0  0  0  0  0  0  0
    7   0.1576763094428542D-02   0.7997716879783442D+00   0.1674867298497696D+04  0  1  0  0  0  0  0  0
    8   0.2328380239517312D-04   0.5990750337669914D+01  -0.1619461792683805D+03  0 -3  4  0  0  0  0  0
    9   0.1305558563149728D-04   0.4693005675247022D+01   0.2972571901731385D+03  0 -2  3  0  0  0  0  0
   10   0.1134789737634680D-04   0.4693304903676271D+01   0.3347580154773993D+04  0  3  0 -2  0  0  0  0
   11   0.5311492417496450D-05   0.2536683592343353D+00   0.7564605596146578D+03  0 -1  2  0  0  0  0  0
   12   0.5297748739729408D-05   0.4146902346503011D+01  -0.6211495487099000D+03  0 -4  5  0  0  0  0  0
   13   0.4864126392950970D-05   0.2790627620835740D+01  -0.1387019203926558D+04  0 -1  0  0  0  2  0  0
 9999  0  0  0  0  0  0  0  0  0  0  0
    2    4
    1   0.4833318619528478D-05   0.3221504590125614D+01   0.0000000000000000D+00  0  0  0  0  0  0  0  0
    2   0.1280938903343441D-03   0.1983149608096680D+01  -0.2659196588419094D+01  0 -1  0  2  0  0  0  0
    3   0.3085667117081219D-04   0.3937780549016139D+01  -0.1260994960410540D+01 -1  0  2  0  0  0  0  0
    4   0.1421727517964700D-04   0.4624126849030327D+01  -0.1171949583521899D+01 -1  0  2  0  0  0  0  0
    5   0.1420735399816070D-04   0.1098415954121576D+00  -0.1350040337299180D+01 -1  0  2  0  0  0  0  0
 9999  0  0  0  0  0  0  0  0  0  0  0
    3    1
    1   0.2047958691903563D-02   0.3141592653589793D+01   0.0000000000000000D+00  0  0  0  0  0  0  0  0
 9998  0  0  0  0  0  0  0  0  0  0  0
    2   0.9773647178903700D-05   0.3347429921083522D+01   0.7543061173932588D+03  0  0  2 -2  0  0  0  0
    3   0.8692361446792260D-05   0.3746226045578181D+01   0.2143479763541216D+04  0  0  2  0  0 -2  0  0
    4   0.6341490354446320D-05   0.3087559012405942D+00   0.1131459176089888D+04  0  0  3 -3  0  0  0  0
 9999  0  0  0  0  0  0  0  0  0  0  0
    3    2
    0   0.5239109365414447D+01      0.1215663929056177D+04
    1   0.3597193003482037D-01   0.3827938953603982D+01   0.8904537688864059D-01  0  0  0  0  0  0  0  0
    2   0.5891806577851199D-03   0.5200631553632359D+01   0.2671361306659218D+00  0  0  0  0  0  0  0  0
    3   0.1049859753280688D-03   0.5351281511938252D+01   0.1019765304355295D+02  0  0  0  0  0  0  0  0
    4   0.4944669618681220D-04   0.1523342558334271D+01   0.1010860766666431D+02  0  0  0  0  0  0  0  0
    5   0.4772345678736420D-04   0.6037627811952441D+01   0.1028669842044159D+02  0  0  0  0  0  0  0  0
    6   0.3432162123697680D-04   0.4514285253618171D+01   0.1780907537772812D+00  0  0  0  0  0  0  0  0
    7   0.2555821179926381D-04   0.1392030537400290D+01   0.5765338167707570D-01  0  0  0  0  0  0  0  0
    8   0.1717434823483564D-04   0.2078376837414479D+01   0.1466987585657163D+00  0  0  0  0  0  0  0  0
    9   0.1697093421514454D-04   0.2901388464811505D+00   0.4452268844432029D+00  0  0  0  0  0  0  0  0
   10   0.1323271931613666D-04   0.1353354662656465D+01   0.2985281258774867D+00  0  0  0  0  0  0  0  0
   11   0.1267528991884128D-04   0.3196049795082991D+01   0.6492496159975472D-01  0  0  0  0  0  0  0  0
   12   0.1266151790256666D-04   0.5906315791018461D+01   0.2357441354543569D+00  0  0  0  0  0  0  0  0
   13   0.1157195347749026D-04   0.5165512349511074D+01   0.8177379696596157D-01  0  0  0  0  0  0  0  0
   14   0.1080021159829085D-04   0.5577501069793485D+01   0.3139199521156488D-01  0  0  0  0  0  0  0  0
   15   0.1052724821924284D-04   0.3978588911909874D+01   0.1001956228977567D+02  0  0  0  0  0  0  0  0
   16   0.1001557835312868D-04   0.6318891585209909D+00   0.2412041528888587D-01  0  0  0  0  0  0  0  0
   17   0.9867772453097199D-05   0.4407888047870434D+00   0.1037574379733023D+02  0  0  0  0  0  0  0  0
   18   0.9845954273310880D-05   0.5631958211286683D+01   0.9631695681131960D-01  0  0  0  0  0  0  0  0
   19   0.9815613284418477D-05   0.6263847369807674D+01   0.1204373721002055D+00  0  0  0  0  0  0  0  0
   20   0.9194949884833879D-05   0.1318235458535180D+01   0.1131657921775265D+00  0  0  0  0  0  0  0  0
   21   0.8037140287447099D-05   0.5556769190259295D+00   0.5079494734209352D+01  0  0  0  0  0  0  0  0
   22   0.7218512993756520D-05   0.3808601016232069D+01   0.2094827489888461D+00  0  0  0  0  0  0  0  0
   23   0.6001489632871980D-05   0.2305239035215433D+01   0.5021841352532276D+01  0  0  0  0  0  0  0  0
   24   0.5489567383712060D-05   0.5363389816540173D+00   0.5199932106309558D+01  0  0  0  0  0  0  0  0
   25   0.4021385382444620D-05   0.4239927673886392D+01   0.3866357513424390D-01  0  0  0  0  0  0  0  0
   26   0.3767845663771360D-05   0.3010923272601534D+01   0.4990449357320712D+01  0  0  0  0  0  0  0  0
   27   0.3600130988680400D-05   0.1242023219040118D+01   0.5168540111097993D+01  0  0  0  0  0  0  0  0
   28   0.3094782117290198D-05   0.1804019257682701D+01   0.7271579922679017D-02  0  0  0  0  0  0  0  0
 9998  0  0  0  0  0  0  0  0  0  0  0
   29   0.2857487995253398D-04   0.1029186337468635D+00   0.3771530586966294D+03  0  0  1 -1  0  0  0  0
   30   0.2612226809076254D-04   0.3347429921083522D+01   0.7543061173932588D+03  0  0  2 -2  0  0  0  0
   31   0.1309044788609482D-04   0.3087559012405942D+00   0.1131459176089888D+04  0  0  3 -3  0  0  0  0
   32   0.1086312362376316D-04   0.3746226045578181D+01   0.2143479763541216D+04  0  0  2  0  0 -2  0  0
   33   0.9634177151388563D-05   0.3197170586335357D+01   0.8366732729211768D+02  0  1 -2  1  0  0  0  0
   34   0.7589604761197260D-05   0.3553267188577251D+01   0.1508612234786518D+04  0  0  4 -4  0  0  0  0
   35   0.5706936513245540D-05   0.1177133183021748D+01   0.1415309217766697D+04  0  0  2  0 -2  0  0  0
   36   0.4749981493034660D-05   0.5145931687343214D+00   0.1885765293483147D+04  0  0  5 -5  0  0  0  0
   37   0.4252829449661740D-05   0.2159362918305770D+01   0.7076546088833486D+03  0  0  1  0 -1  0  0  0
   38   0.4209916715651780D-05   0.1843847991166901D+01   0.4592033694415193D+03  0  1 -1  0  0  0  0  0
   39   0.3381153874922860D-05   0.3443909349583986D+01   0.1071739881770608D+04  0  0  1  0  0 -1  0  0
   40   0.3367826063379420D-05   0.3687695982333802D+01   0.9184067388830385D+03  0  2 -2  0  0  0  0  0
 9999  0  0  0  0  0  0  0  0  0  0  0
    3    3
    1   0.1564767415994558D-03   0.4568461127222154D+01   0.1263056409088354D+01 -1  0  2  0  0  0  0  0
    2   0.8681007704489939D-04   0.7405221736181721D+00   0.1174011032199713D+01 -1  0  2  0  0  0  0  0
    3   0.8168879255357250D-04   0.5941153727250531D+01   0.1441147162865635D+01 -1  0  2  0  0  0  0  0
    4   0.8101165266469901D-04   0.3195768527193775D+01   0.1084965655311073D+01 -1  0  2  0  0  0  0  0
    5   0.7081435508752854D-04   0.5254807427236342D+01   0.1352101785976995D+01 -1  0  2  0  0  0  0  0
    6   0.2463670320328344D-04   0.2681979744993623D+01   0.8933864296234374D-02  0  0  0  0  0  0  0  0
    7   0.1795872905935810D-04   0.3443147200851330D+00   0.1530192539754276D+01 -1  0  2  0  0  0  0  0
    8   0.1765915793094640D-04   0.5651014880769380D+01   0.9959202784224322D+00 -1  0  2  0  0  0  0  0
    9   0.1379536465955919D-04   0.4874775170004872D+01   0.5374256741709729D+00  0 -1  0  2  0  0  0  0
   10   0.6448693043220393D-05   0.8713108941844011D+00  -0.3816438325120998D+01 -1  0  2  0  0  0  0  0
   11   0.4134187193316490D-05   0.3483793623207228D-01   0.1205403027411278D+01 -1  0  2  0  0  0  0  0
   12   0.4064250964938940D-05   0.5960491664622441D+01   0.1320709790765430D+01 -1  0  2  0  0  0  0  0
   13   0.3921367852619880D-05   0.1030661020099323D+01   0.1619237916642916D+01 -1  0  2  0  0  0  0  0
   14   0.3847793440490170D-05   0.1823075927165398D+01   0.9068749015337917D+00 -1  0  2  0  0  0  0  0
 9998  0  0  0  0  0  0  0  0  0  0  0
   15   0.1026432488829525D-02   0.5239109003991030D+01   0.1215663929056177D+04  0  0  1  0  0  0  0  0
   16   0.4858676635900159D-04   0.4930353102750437D+01   0.8420475296628865D+02  0  0 -2  3  0  0  0  0
   17   0.1316230344933185D-04   0.9203831673794880D+00  -0.1996452887105200D+03  0  0 -1  0  2  0  0  0
   18   0.1274174154891934D-04   0.4827434469003571D+01  -0.2929483057303405D+03  0  0 -3  4  0  0  0  0
   19   0.1012648120942390D-04   0.4634475612002642D+01  -0.9278158344850386D+03  0  0 -1  0  0  2  0  0
   20   0.9537957898915770D-05   0.1891679082907508D+01   0.4613578116629183D+03  0  0 -1  2  0  0  0  0
   21   0.6736048525042149D-05   0.1795199654407042D+01   0.1439240472855692D+03  0  0  0  0  0  1  0  0
   22   0.4893120486700722D-05   0.1582923181666916D+01  -0.6701013644269697D+03  0  0 -4  5  0  0  0  0
   23   0.4496122761411780D-05   0.2849157684080121D+01  -0.1619461792683805D+03  0 -3  4  0  0  0  0  0
 9999  0  0  0  0  0  0  0  0  0  0  0
    3    4
    1   0.1608815757672211D-04   0.3221506193392377D+01   0.0000000000000000D+00  0  0  0  0  0  0  0  0
    2   0.7978986672131195D-02   0.3937780549016139D+01  -0.1260994960410540D+01 -1  0  2  0  0  0  0  0
    3   0.3586811056529552D-02   0.1098415954121576D+00  -0.1350040337299180D+01 -1  0  2  0  0  0  0  0
    4   0.3578626570900766D-02   0.4624126849030327D+01  -0.1171949583521899D+01 -1  0  2  0  0  0  0  0
    5   0.7456079964789274D-03   0.2565087948987761D+01  -0.1439085714187821D+01 -1  0  2  0  0  0  0  0
    6   0.7269088792971872D-03   0.5310473149044516D+01  -0.1082904206633259D+01 -1  0  2  0  0  0  0  0
    7   0.1634061837956512D-03   0.5996819449058704D+01  -0.9938588297446179D+00 -1  0  2  0  0  0  0  0
    8   0.1629278673196500D-03   0.5020334302563366D+01  -0.1528131091076462D+01 -1  0  2  0  0  0  0  0
    9   0.3863423686243950D-04   0.5329811086416426D+01  -0.1203341578733464D+01 -1  0  2  0  0  0  0  0
   10   0.3696660017446820D-04   0.3999804418933084D+00  -0.9048134528559774D+00 -1  0  2  0  0  0  0  0
   11   0.3605229442958720D-04   0.1192395348959384D+01  -0.1617176467965102D+01 -1  0  2  0  0  0  0  0
   12   0.3003084312634590D-04   0.7768499580544321D+00  -0.1140557588310333D+01 -1  0  2  0  0  0  0  0
   13   0.2358139037174070D-04   0.5687342665205642D+01  -0.1318648342087615D+01 -1  0  2  0  0  0  0  0
   14   0.1853853482238710D-04   0.9050365804024403D-01  -0.1229602965198974D+01 -1  0  2  0  0  0  0  0
   15   0.1598764340805630D-04   0.3957118486388051D+01  -0.1381432332510745D+01 -1  0  2  0  0  0  0  0
   16   0.1403252488381090D-04   0.4869684344257474D+01  -0.1145864800396349D+02 -1  0  2  0  0  0  0  0
   17   0.1348141163501630D-04   0.1859403711601660D+01  -0.1407693718976255D+01 -1  0  2  0  0  0  0  0
   18   0.1307143245256740D-04   0.6016157386430616D+01  -0.1114296201844823D+01 -1  0  2  0  0  0  0  0
   19   0.1026902134395760D-04   0.4643464786402239D+01  -0.1292386955622105D+01 -1  0  2  0  0  0  0  0
   20   0.1001531421510340D-04   0.1463196258068622D+01  -0.1051512211421693D+01 -1  0  2  0  0  0  0  0
   21   0.8589176280796499D-05   0.1291795327840677D+00  -0.1470477709399386D+01 -1  0  2  0  0  0  0  0
   22   0.8194661069081041D-05   0.2319530453760617D+01   0.8847612706253768D+01 -1  0  2  0  0  0  0  0
   23   0.8097194747293030D-05   0.1086326741907496D+01  -0.8157680759673368D+00 -1  0  2  0  0  0  0  0
   24   0.8055438816212310D-05   0.5506304001991995D+00   0.9025703460031048D+01 -1  0  2  0  0  0  0  0
   25   0.7804425391545350D-05   0.3647641702534988D+01  -0.1706221844853743D+01 -1  0  2  0  0  0  0  0
   26   0.6111685892210941D-05   0.6135349392018898D+01  -0.8931239595284827D-02  0  0  0  0  0  0  0  0
   27   0.5770004540143910D-05   0.6147469407364597D+01   0.8936658083142408D+01 -1  0  2  0  0  0  0  0
   28   0.4417994658707790D-05   0.4314650065177265D+01  -0.1496739095864896D+01 -1  0  2  0  0  0  0  0
   29   0.4341737854415172D-05   0.2696600432337302D+01  -0.1754676234867099D+00  0  0  0  0  0  0  0  0
   30   0.3824550961047250D-05   0.4774776807336220D+01   0.8758567329365126D+01 -1  0  2  0  0  0  0  0
   31   0.3690275690503300D-05   0.1236976700213389D+01   0.9114748836919690D+01 -1  0  2  0  0  0  0  0
   32   0.3688282109438380D-05   0.4193183792652183D+00  -0.1025250824956183D+01 -1  0  2  0  0  0  0  0
   33   0.3369179308695820D-05   0.2149542558082810D+01  -0.9624668345330522D+00 -1  0  2  0  0  0  0  0
 9998  0  0  0  0  0  0  0  0  0  0  0
   34   0.4066369173620947D-05   0.2572521517863344D+00   0.2432588853072765D+04  1  0  0  0  0  0  0  0
 9999  0  0  0  0  0  0  0  0  0  0  0
    4    1
    1   0.1245046723085128D-02   0.3141592653589793D+01   0.0000000000000000D+00  0  0  0  0  0  0  0  0
 9998  0  0  0  0  0  0  0  0  0  0  0
    2   0.1975589414013096D-04   0.3540388778084452D+01   0.1389173646147957D+04  0  0  0  2  0 -2  0  0
    3   0.1231028575289072D-04   0.9712959155280194D+00   0.6610031003734383D+03  0  0  0  2 -2  0  0  0
    4   0.7467512730405980D-05   0.3027740200086925D+01   0.9915046505601572D+03  0  0  0  3 -3  0  0  0
    5   0.5098846661514180D-05   0.5981941867419887D+00   0.2083760469221935D+04  0  0  0  3  0 -3  0  0
    6   0.5044474622853420D-05   0.5198036938148699D+01   0.3305015501867192D+03  0  0  0  1 -1  0  0  0
    7   0.4809588755287700D-05   0.2058372674937290D+00   0.7543061173932588D+03  0  0  2 -2  0  0  0  0
    8   0.4727673963003260D-05   0.5084184484645832D+01   0.1322006200746877D+04  0  0  0  4 -4  0  0  0
    9   0.4044589508141894D-05   0.2614152002392929D+00   0.8379734446853766D+03  0  1  0 -1  0  0  0  0
   10   0.3991422799327240D-05   0.1029186337468635D+00   0.3771530586966294D+03  0  0  1 -1  0  0  0  0
 9999  0  0  0  0  0  0  0  0  0  0  0
    4    2
    0   0.1994592585279060D+01      0.8385108703595477D+03
    1   0.1253214092917414D-03   0.5484552018571947D+01   0.5659095156176798D+00  0  0  0  0  0  0  0  0
    2   0.9470863297623297D-04   0.1456241228915321D+01   0.1617016547228022D+01  0  0  0  0  0  0  0  0
    3   0.2711677399803780D-05   0.6054075111420435D+01   0.3234033094456044D+01  0  0  0  0  0  0  0  0
 9998  0  0  0  0  0  0  0  0  0  0  0
    4   0.2717321774931640D-04   0.9712959155280194D+00   0.6610031003734383D+03  0  0  0  2 -2  0  0  0
    5   0.2682461086510494D-04   0.5198036938148699D+01   0.3305015501867192D+03  0  0  0  1 -1  0  0  0
    6   0.2565388997294820D-04   0.3540388778084452D+01   0.1389173646147957D+04  0  0  0  2  0 -2  0  0
    7   0.1499025754719972D-04   0.3244511287336658D+01   0.3771530586966294D+03  0  0  1 -1  0  0  0  0
    8   0.1270721017173096D-04   0.3027740200086925D+01   0.9915046505601572D+03  0  0  0  3 -3  0  0  0
    9   0.1201329949530382D-04   0.2058372674937290D+00   0.7543061173932588D+03  0  0  2 -2  0  0  0  0
   10   0.1025994897473446D-04   0.1993980622473295D+00   0.6945868230739784D+03  0  0  0  1  0 -1  0  0
   11   0.6847120194215620D-05   0.5084184484645832D+01   0.1322006200746877D+04  0  0  0  4 -4  0  0  0
   12   0.6090479694942740D-05   0.3450348554830387D+01   0.1131459176089888D+04  0  0  3 -3  0  0  0  0
   13   0.5552232090659460D-05   0.5981941867419887D+00   0.2083760469221935D+04  0  0  0  3  0 -3  0  0
   14   0.4770404124767720D-05   0.5557793274556413D-01   0.8366732729211768D+02  0  1 -2  1  0  0  0  0
   15   0.4723715451200404D-05   0.3403007853829086D+01   0.8379734446853766D+03  0  1  0 -1  0  0  0  0
   16   0.4269998249018742D-05   0.5396405225690409D+01   0.1439151134212730D+03  0  0  0  0  0  1  0  0
   17   0.3974354213288560D-05   0.8574434620251531D+00   0.1652507750933596D+04  0  0  0  5 -5  0  0  0
   18   0.3552297626424840D-05   0.4116745349874580D+00   0.1508612234786518D+04  0  0  4 -4  0  0  0  0
   19   0.3125192040346257D-05   0.1285576205981393D+01   0.1245258532726684D+04  0  0  0  2  0 -3  0  0
 9999  0  0  0  0  0  0  0  0  0  0  0
    4    3
    1   0.2203368656279073D-02   0.4874775170004872D+01   0.5374256741709729D+00  0 -1  0  2  0  0  0  0
    2   0.1172252747692422D-03   0.2681979734714067D+01   0.8933864296234374D-02  0  0  0  0  0  0  0  0
    3   0.1886080065709498D-04   0.3189421946098056D+01   0.2154442221398995D+01  0 -1  0  2  0  0  0  0
    4   0.5709763882914900D-05   0.9345492278074399D+00   0.1103335189788653D+01  0 -1  0  2  0  0  0  0
    5   0.5709737153001810D-05   0.5673408458612511D+01  -0.2848384144670679D-01  0 -1  0  2  0  0  0  0
    6   0.4177951671700660D-05   0.3418533941089551D+01  -0.1079590873057049D+01  0 -1  0  2  0  0  0  0
    7   0.2618379490210864D-05   0.1426868473632360D+01   0.1263056409088354D+01 -1  0  2  0  0  0  0  0
 9998  0  0  0  0  0  0  0  0  0  0  0
    8   0.6245540270289302D-03   0.1994597716654372D+01   0.8385108703595477D+03  0  0  0  1  0  0  0  0
    9   0.2859852996917539D-04   0.1788760449160644D+01   0.8420475296628865D+02  0  0 -2  3  0  0  0  0
   10   0.2669607656360495D-04   0.2108450170157240D+01  -0.1529937802006098D+03  0  0  0 -2  3  0  0  0
   11   0.2594271531157734D-04   0.1023301801126352D+01   0.1775077699861093D+03  0  0  0 -1  2  0  0  0
   12   0.2527837703075836D-04   0.1595801592159713D+01  -0.5506627757884092D+03  0  0  0 -1  0  2  0  0
   13   0.1288509519128533D-04   0.1795199654407042D+01   0.1439240472855692D+03  0  0  0  0  0  1  0  0
   14   0.7799304255363336D-05   0.1685841815413778D+01  -0.2929483057303405D+03  0  0 -3  4  0  0  0  0
   15   0.6968783491136024D-05   0.5200588559833291D-01  -0.4834953303873287D+03  0  0  0 -3  4  0  0  0
   16   0.4309530620212000D-05   0.4537996183502177D+01  -0.1245249598862388D+04  0  0  0 -2  0  3  0  0
   17   0.3787380702785700D-05   0.5033271736497301D+01   0.4613578116629183D+03  0  0 -1  2  0  0  0  0
   18   0.3539705714890319D-05   0.3850614164262772D+01  -0.4067476623671363D+03  0  0  0 -1  0  3  0  0
   19   0.3368317726971210D-05   0.3079746085685258D+01   0.5080093201728285D+03  0  0  0  0  1  0  0  0
   20   0.3304505798253070D-05   0.4278746908219012D+01  -0.8139968805740482D+03  0  0  0 -4  5  0  0  0
   21   0.2969852804959130D-05   0.4724515835256708D+01  -0.6701013644269697D+03  0  0 -4  5  0  0  0  0
 9999  0  0  0  0  0  0  0  0  0  0  0
    4    4
    1   0.5911557823662097D-04   0.3221505896904584D+01   0.0000000000000000D+00  0  0  0  0  0  0  0  0
    2   0.1655363859165119D-03   0.1556643393089241D+01  -0.5376315279689470D+00  0 -1  0  2  0  0  0  0
    3   0.3529922124449878D-04   0.2632866665182736D+01  -0.1754676234867099D+00  0  0  0  0  0  0  0  0
    4   0.2754688236937855D-04   0.7961878954263457D+00  -0.1260994960410540D+01 -1  0  2  0  0  0  0  0
    5   0.2282739732511724D-04   0.6135349401370048D+01  -0.8931239595284827D-02  0  0  0  0  0  0  0  0
    6   0.1269228313121738D-04   0.1482534195440534D+01  -0.1171949583521899D+01 -1  0  2  0  0  0  0  0
    7   0.1268342612853373D-04   0.3251434249001951D+01  -0.1350040337299180D+01 -1  0  2  0  0  0  0  0
    8   0.2655183882413472D-05   0.2168880495454724D+01  -0.1082904206633259D+01 -1  0  2  0  0  0  0  0
    9   0.2629764340505144D-05   0.5706680602577554D+01  -0.1439085714187821D+01 -1  0  2  0  0  0  0  0
 9999  0  0  0  0  0  0  0  0  0  0  0
    5    1
    1   0.6263338154589970D-03   0.3141592653589793D+01   0.0000000000000000D+00  0  0  0  0  0  0  0  0
 9998  0  0  0  0  0  0  0  0  0  0  0
    2   0.6497476875291102D-04   0.5710685516146226D+01   0.7281705457745186D+03  0  0  0  0  2 -2  0  0
    3   0.2344587498942920D-04   0.7120466402448569D+00   0.1092255818661778D+04  0  0  0  0  3 -3  0  0
    4   0.1460129617898124D-04   0.4426139084868009D+01   0.3640852728872593D+03  0  0  0  0  1 -1  0  0
    5   0.9207121596242679D-05   0.5198036938148699D+01   0.3305015501867192D+03  0  0  0  1 -1  0  0  0
    6   0.8875319141540999D-05   0.1996593071523072D+01   0.1456341091549037D+04  0  0  0  0  4 -4  0  0
    7   0.8448119776705509D-05   0.3455872944043167D+01   0.5842554323532455D+03  0  0  0  0  2 -3  0  0
    8   0.5977877370825760D-05   0.2159362918305770D+01   0.7076546088833486D+03  0  0  1  0 -1  0  0  0
    9   0.4621278522602440D-05   0.4112888569117812D+01   0.6610031003734383D+03  0  0  0  2 -2  0  0  0
   10   0.4000365153622274D-05   0.4740419375321384D+01   0.9483407052405049D+03  0  0  0  0  3 -4  0  0
   11   0.3452681160707960D-05   0.3281139502801291D+01   0.1820426364436296D+04  0  0  0  0  5 -5  0  0
 9999  0  0  0  0  0  0  0  0  0  0  0
    5    2
    0   0.6221340947932125D+01      0.5080093197533360D+03
    1   0.4982624562626507D-03   0.4765136030335644D+01   0.1925543592528062D-02  0  0  0  0  0  0  0  0
    2   0.3255047679977468D-03   0.3303959081334276D+01   0.8931239595284827D-02  0  0  0  0  0  0  0  0
    3   0.6390530214147782D-04   0.2864957498258305D+01   0.4265982401557260D+00  0  0  0  0  0  0  0  0
    4   0.6147405445926997D-04   0.3666743633441163D+01   0.1754676234867099D+00  0  0  0  0  0  0  0  0
    5   0.4693769190005650D-04   0.4409577074506501D+01   0.2132991200778630D+00  0  0  0  0  0  0  0  0
    6   0.1830753059305353D-04   0.2440869213255669D+00   0.1665363838914251D+00  0  0  0  0  0  0  0  0
    7   0.1772508422160692D-04   0.5196471838140832D+01   0.1786772859246875D-01  0  0  0  0  0  0  0  0
    8   0.9471405209345812D-05   0.7450246191142529D+00   0.3783149659115309D-01  0  0  0  0  0  0  0  0
    9   0.8699581713814392D-05   0.4133277437711403D+01   0.6398973602335890D+00  0  0  0  0  0  0  0  0
   10   0.4462723299012653D-05   0.4222312533161678D+01   0.6934772211657580D-02  0  0  0  0  0  0  0  0
   11   0.3475126795324123D-05   0.5905021737251245D+01   0.3851087185056125D-02  0  0  0  0  0  0  0  0
 9998  0  0  0  0  0  0  0  0  0  0  0
   12   0.9265555925994737D-04   0.5710685516146226D+01   0.7281705457745186D+03  0  0  0  0  2 -2  0  0
   13   0.5229341727885530D-04   0.4426139084868009D+01   0.3640852728872593D+03  0  0  0  0  1 -1  0  0
   14   0.2755180293512720D-04   0.7120466402448569D+00   0.1092255818661778D+04  0  0  0  0  3 -3  0  0
   15   0.1367398797935688D-04   0.3455872944043167D+01   0.5842554323532455D+03  0  0  0  0  2 -3  0  0
   16   0.1266911496422784D-04   0.2056444284558907D+01   0.3305015501867192D+03  0  0  0  1 -1  0  0  0
   17   0.1003942988473349D-04   0.2171326512764949D+01   0.2201701594659863D+03  0  0  0  0  1 -2  0  0
   18   0.9413368380851320D-05   0.4112888569117812D+01   0.6610031003734383D+03  0  0  0  2 -2  0  0  0
   19   0.9310491515462421D-05   0.1996593071523072D+01   0.1456341091549037D+04  0  0  0  0  4 -4  0  0
   20   0.8614402961042187D-05   0.5396405225692853D+01   0.1439151134212730D+03  0  0  0  0  0  1  0  0
   21   0.5024449380692616D-05   0.4740419375321384D+01   0.9483407052405049D+03  0  0  0  0  3 -4  0  0
   22   0.4460853124280260D-05   0.6169332853676718D+01   0.9915046505601572D+03  0  0  0  3 -3  0  0  0
   23   0.3825560625917272D-05   0.6199699253192279D+01   0.7625504604471335D+02  0  0  0  0  1 -3  0  0
   24   0.3359851109236900D-05   0.3281139502801291D+01   0.1820426364436296D+04  0  0  0  0  5 -5  0  0
   25   0.3028875527833520D-05   0.5300955571895564D+01   0.7076546088833486D+03  0  0  1  0 -1  0  0  0
   26   0.2423482201792380D-05   0.1942591831056039D+01   0.1322006200746877D+04  0  0  0  4 -4  0  0  0
   27   0.2065629848458831D-05   0.6024965806599599D+01   0.1312425978127764D+04  0  0  0  0  4 -5  0  0
 9999  0  0  0  0  0  0  0  0  0  0  0
    5    3
    1   0.9712611923476502D-03   0.2687921917028628D+01   0.8933864296234374D-02  0  0  0  0  0  0  0  0
    2   0.1671852669066537D-03   0.5358703148577743D-01   0.1755492171961483D+00  0  0  0  0  0  0  0  0
    3   0.7641483476943351D-05   0.1733182516415079D+01   0.5374256741709729D+00  0 -1  0  2  0  0  0  0
    4   0.6496268041362011D-05   0.6195159743999218D+00  -0.8933864296234374D-02  0  0  0  0  0  0  0  0
    5   0.2256764766375221D-05   0.3428726874313563D+00   0.4176643758594916D+00  0  0  0  0  0  0  0  0
 9998  0  0  0  0  0  0  0  0  0  0  0
    6   0.3116043009304567D-03   0.6221338739275052D+01   0.5080093201728285D+03  0  0  0  0  1  0  0  0
    7   0.1108384911297719D-03   0.3652245876718619D+01  -0.2201612256016901D+03  0  0  0  0 -1  2  0  0
    8   0.3382899984196108D-04   0.5907058448821680D+01  -0.7624611218041713D+02  0  0  0  0 -1  3  0  0
    9   0.3248040932920730D-04   0.1795199654407042D+01   0.1439240472855692D+03  0  0  0  0  0  1  0  0
   10   0.2241664081352878D-04   0.2367699445440403D+01  -0.5842464984889493D+03  0  0  0  0 -2  3  0  0
   11   0.1308501254327346D-04   0.5250042823747033D+01  -0.1529937802006098D+03  0  0  0 -2  3  0  0  0
   12   0.6929884985440310D-05   0.1083153014162185D+01  -0.9483317713762087D+03  0  0  0  0 -3  4  0  0
   13   0.6766246868422730D-05   0.4164894454716146D+01   0.1775077699861093D+03  0  0  0 -1  2  0  0  0
   14   0.5779542899092500D-05   0.2507246294651899D+01   0.1236179865947347D+04  0  0  0  0  3 -2  0  0
   15   0.4424102595490495D-05   0.4622512017543462D+01  -0.4403313850676764D+03  0  0  0  0 -2  4  0  0
   16   0.3851717115480820D-05   0.1994597716654372D+01   0.8385108703595477D+03  0  0  0  1  0  0  0  0
   17   0.3467317924478190D-05   0.3193598539188126D+01  -0.4834953303873287D+03  0  0  0 -3  4  0  0  0
   18   0.2778461053446649D-05   0.5020278361984143D+01   0.6766900124085585D+02  0  0  0  0 -1  4  0  0
   19   0.2492530233817800D-05   0.3791792725930115D+01   0.1600265138834606D+04  0  0  0  0  4 -3  0  0
   20   0.2427569664020370D-05   0.6081791890063556D+01  -0.1312417044263468D+04  0  0  0  0 -4  5  0  0
   21   0.2224849328232030D-05   0.5239109003991030D+01   0.1215663929056177D+04  0  0  1  0  0  0  0  0
 9999  0  0  0  0  0  0  0  0  0  0  0
    5    4
    1   0.4206563248738731D-03   0.3221497379548206D+01   0.0000000000000000D+00  0  0  0  0  0  0  0  0
    2   0.2970532433280590D-02   0.2626878648804450D+01  -0.1754676234867099D+00  0  0  0  0  0  0  0  0
    3   0.1787509410723081D-03   0.6204551285275548D+01  -0.8931239595284827D-02  0  0  0  0  0  0  0  0
    4   0.2723114438070935D-04   0.6085981723978948D+01   0.4265982401557260D+00  0  0  0  0  0  0  0  0
    5   0.2414440346500943D-04   0.5096853638619743D+01  -0.2132991200778630D+00  0  0  0  0  0  0  0  0
    6   0.9525093659923903D-05   0.5044236237492881D+01  -0.1925543592528062D-02  0  0  0  0  0  0  0  0
    7   0.3807917651740949D-05   0.1070489829428804D+01   0.6398973602335890D+00  0  0  0  0  0  0  0  0
    8   0.3291355004303486D-05   0.4446713203128226D+01   0.2132991200778630D+00  0  0  0  0  0  0  0  0
    9   0.2944165615658908D-05   0.3500661322372421D+00  -0.4265982401557260D+00  0  0  0  0  0  0  0  0
 9999  0  0  0  0  0  0  0  0  0  0  0
    6    1
    1   0.1348089930929860D-03   0.3141592653589793D+01   0.0000000000000000D+00  0  0  0  0  0  0  0  0
 9998  0  0  0  0  0  0  0  0  0  0  0
    2   0.2514051816697911D-04   0.4426139084868009D+01   0.3640852728872593D+03  0  0  0  0  1 -1  0  0
    3   0.1234070873751902D-04   0.1993980622473295D+00   0.6945868230739784D+03  0  0  0  1  0 -1  0  0
    4   0.7428005944912294D-05   0.3443909349583986D+01   0.1071739881770608D+04  0  0  1  0  0 -1  0  0
    5   0.5193372353628770D-05   0.5396405225692853D+01   0.1439151134212730D+03  0  0  0  0  0  1  0  0
    6   0.4923588320704660D-05   0.5786945864275197D+00   0.2874214963438496D+03  0  0  0  0  0  2  0  0
    7   0.1514267591217036D-05   0.5287757340750888D+01   0.1530943251212127D+04  0  1  0  0  0 -1  0  0
 9999  0  0  0  0  0  0  0  0  0  0  0
    6    2
    0   0.4936792168079816D+01      0.1439240478491399D+03
    1   0.1489184840960493D-02   0.4482905304402765D+01   0.1925543592528062D-02  0  0  0  0  0  0  0  0
    2   0.6277976937099409D-03   0.1641703069309713D+00   0.8931239595284827D-02  0  0  0  0  0  0  0  0
    3   0.2064532509871716D-03   0.2875895084979086D+01   0.4265982401557260D+00  0  0  0  0  0  0  0  0
    4   0.1839936992682087D-03   0.4432539236156053D+01   0.2132991200778630D+00  0  0  0  0  0  0  0  0
    5   0.3205222547434483D-04   0.2421050292728566D+01   0.6867993784180930D-02  0  0  0  0  0  0  0  0
    6   0.2910646188137447D-04   0.4133511734209461D+01   0.6398973602335890D+00  0  0  0  0  0  0  0  0
    7   0.2782832942434251D-04   0.2085876834041031D+01   0.1786772859246875D-01  0  0  0  0  0  0  0  0
    8   0.9861735003619475D-05   0.5820876772324451D+01   0.3851087185056125D-02  0  0  0  0  0  0  0  0
    9   0.6328208168488662D-05   0.1099595805258099D+01   0.2064679322415834D+00  0  0  0  0  0  0  0  0
   10   0.3918483314907732D-05   0.3102869921028134D+01   0.4355294797510108D+00  0  0  0  0  0  0  0  0
   11   0.3898032222540717D-05   0.2691928895904259D+01   0.1031868899480124D+00  0  0  0  0  0  0  0  0
   12   0.3675185983863103D-05   0.3132180625569890D+01   0.1102063824754091D+00  0  0  0  0  0  0  0  0
   13   0.3340295455803047D-05   0.3949193776134189D+01   0.4087305115632572D+00  0  0  0  0  0  0  0  0
   14   0.3080473554041300D-05   0.5390964128071579D+01   0.8531964803114520D+00  0  0  0  0  0  0  0  0
   15   0.2919923956899900D-05   0.2618006049618430D+01   0.4334294279920056D+00  0  0  0  0  0  0  0  0
   16   0.2671699222038788D-05   0.1780723999304769D-01   0.4197670523194464D+00  0  0  0  0  0  0  0  0
   17   0.1807246533364200D-05   0.5897892147256107D+01   0.3163918576803169D+00  0  0  0  0  0  0  0  0
   18   0.1012886232301891D-05   0.3824011892951753D+01   0.2201303079141426D+00  0  0  0  0  0  0  0  0
 9998  0  0  0  0  0  0  0  0  0  0  0
   19   0.1208825245395646D-04   0.1284546431278216D+01   0.3640852728872593D+03  0  0  0  0  1 -1  0  0
   20   0.6461479160208660D-05   0.3340990715837123D+01   0.6945868230739784D+03  0  0  0  1  0 -1  0  0
   21   0.6059629840959338D-05   0.2254812572103060D+01   0.1439151134212730D+03  0  0  0  0  0  1  0  0
   22   0.5747511089543420D-05   0.5786945864275197D+00   0.2874214963438496D+03  0  0  0  0  0  2  0  0
   23   0.4165211007064940D-05   0.3023166959941940D+00   0.1071739881770608D+04  0  0  1  0  0 -1  0  0
   24   0.3317890554439667D-05   0.5917531821903471D+01   0.7165405266799226D+00  0  0  0  0  0 -1  0  5
   25   0.3240885104844179D-05   0.1456814599107305D+01   0.7146149830873946D+00  0  0  0  0  0 -1  0  5
   26   0.3183322410669546D-05   0.3483641352342939D-01   0.7204899083316938D+00  0  0  0  0  0 -1  0  5
   27   0.2439949469786914D-05   0.4495498981484839D+01   0.7224154519242219D+00  0  0  0  0  0 -1  0  5
   28   0.2229788591597716D-05   0.3516065572948062D+01   0.7095813532095739D+00  0  0  0  0  0 -1  0  5
   29   0.2177885623014171D-05   0.5338524981350306D+01   0.7076558096170459D+00  0  0  0  0  0 -1  0  5
   30   0.1583596726276704D-05   0.1857323310303026D+01   0.7185643647391657D+00  0  0  0  0  0 -1  0  5
   31   0.8515242483441068D-06   0.4094907555655027D+01   0.7184660702724507D+00  0  0  0  0  0 -1  0  5
   32   0.8331051796244125D-06   0.2672845480380433D+01   0.7243409955167499D+00  0  0  0  0  0 -1  0  5
   33   0.1119995323971813D-05   0.5646772130696905D+01   0.2872081972302052D+03  0  0  0  0  0  2  0  0
   34   0.9999688627568780D-06   0.2569092862556433D+01   0.7281705457745186D+03  0  0  0  0  2 -2  0  0
   35   0.9325252754097003D-06   0.1465474667914254D+01   0.1435063829225766D+03  0  0  0  0  0  1  0  0
   36   0.8903963476562940D-06   0.2146164687161095D+01   0.1530943251212127D+04  0  1  0  0  0 -1  0  0
 9999  0  0  0  0  0  0  0  0  0  0  0
    6    3
    1   0.3059204611319566D-05   0.1991559296541939D+01   0.0000000000000000D+00  0  0  0  0  0  0  0  0
    2   0.2892653650392732D-01   0.2687601928257754D+01   0.8933864296234374D-02  0  0  0  0  0  0  0  0
    3   0.1921261556124706D-03   0.6049785198226078D+00  -0.8933864296234374D-02  0  0  0  0  0  0  0  0
    4   0.7446564554937326D-04   0.3484557927409254D+01   0.4176643758594916D+00  0  0  0  0  0  0  0  0
    5   0.2429402127836536D-04   0.4497027349870592D+01   0.7008320703706311D-02  0  0  0  0  0  0  0  0
    6   0.2391668026442592D-04   0.4004671318127588D+01   0.1085940788876244D-01  0  0  0  0  0  0  0  0
    7   0.1720731211496869D-04   0.3423177098527374D+01   0.1974690825885564D-02  0  0  0  0  0  0  0  0
    8   0.9603481577558545D-05   0.4751548744302498D+01   0.6309634959373547D+00  0  0  0  0  0  0  0  0
    9   0.6349090434417589D-05   0.5278059950506263D+01   0.2043652557816286D+00  0  0  0  0  0  0  0  0
   10   0.5704537193893060D-05   0.2441938711199521D+01  -0.1085940788876244D-01  0  0  0  0  0  0  0  0
   11   0.5578526024329263D-05   0.4763368404218852D+01   0.3900234418413626D-02  0  0  0  0  0  0  0  0
   12   0.2599144808715373D-05   0.6100137782540312D+01  -0.4176643758594916D+00  0  0  0  0  0  0  0  0
   13   0.2297673200703965D-05   0.4851969044359338D+01  -0.3900234418413626D-02  0  0  0  0  0  0  0  0
   14   0.2219325143437113D-05   0.3927500699309107D+00  -0.1786510389151920D-01  0  0  0  0  0  0  0  0
   15   0.2100942202805606D-05   0.2406466000093305D+01   0.4355321044519604D+00  0  0  0  0  0  0  0  0
   16   0.2030439241690526D-05   0.3465392760946876D+01  -0.1974690825885564D-02  0  0  0  0  0  0  0  0
   17   0.1840440310193102D-05   0.4554834665120421D+01  -0.2043652557816286D+00  0  0  0  0  0  0  0  0
   18   0.1818913752278572D-05   0.3943058897661665D+01   0.2222329843740974D+00  0  0  0  0  0  0  0  0
   19   0.1391334470388962D-05   0.3792208194559931D+01   0.1014313781444490D+00  0  0  0  0  0  0  0  0
   20   0.1359141741251292D-05   0.6222686370138073D+01   0.2132991200778630D+00  0  0  0  0  0  0  0  0
   21   0.1313668933428861D-05   0.5635555579481489D+01  -0.2222329843740974D+00  0  0  0  0  0  0  0  0
   22   0.1273579323673662D-05   0.4271696076744320D+01  -0.1278495148129050D-01  0  0  0  0  0  0  0  0
   23   0.1071090644258225D-05   0.6019617650063695D+01   0.8442626160152177D+00  0  0  0  0  0  0  0  0
   24   0.1054968278903017D-05   0.6106129826283189D+00   0.4108289309930330D+00  0  0  0  0  0  0  0  0
   25   0.1030286270548740D-05   0.3243359475417337D+01   0.4244861425113500D+00  0  0  0  0  0  0  0  0
 9998  0  0  0  0  0  0  0  0  0  0  0
   26   0.6687871156591785D-04   0.4936792307996836D+01   0.1439240472855692D+03  0  0  0  0  0  1  0  0
   27   0.1010084616284730D-04   0.6221338739275052D+01   0.5080093201728285D+03  0  0  0  0  1  0  0  0
   28   0.5269296403563900D-05   0.1994597716654372D+01   0.8385108703595477D+03  0  0  0  1  0  0  0  0
   29   0.4938696934118670D-05   0.3652245876718619D+01  -0.2201612256016901D+03  0  0  0  0 -1  2  0  0
   30   0.4930907396569310D-05   0.1216505067979523D+01  -0.1434974490582804D+03  0  0  0  0  0 -1  0  0
   31   0.3315192749055180D-05   0.5239109003991030D+01   0.1215663929056177D+04  0  0  1  0  0  0  0  0
   32   0.2596686176814385D-05   0.9084195729203095D+00   0.2878391607068422D+03  0  0  0  0  0  2  0  0
   33   0.2338446911029510D-05   0.1595801592159713D+01  -0.5506627757884092D+03  0  0  0 -1  0  2  0  0
   34   0.1363323740924180D-05   0.4634475612002642D+01  -0.9278158344850386D+03  0  0 -1  0  0  2  0  0
   35   0.9612769517722884D-06   0.2431612830889724D+01  -0.1432841499446360D+03  0  0  0  0  0 -1  0  0
 9999  0  0  0  0  0  0  0  0  0  0  0
    6    4
    1   0.5602364095311453D-02   0.3221498291239513D+01   0.0000000000000000D+00  0  0  0  0  0  0  0  0
    2   0.2789942947721349D-02   0.6204694901726296D+01  -0.8931239595284827D-02  0  0  0  0  0  0  0  0
    3   0.1312363309291625D-03   0.5044269214427242D+01  -0.1925543592528062D-02  0  0  0  0  0  0  0  0
    4   0.1125670790406430D-03   0.6084205141557698D+01   0.4265982401557260D+00  0  0  0  0  0  0  0  0
    5   0.1916668518784865D-04   0.5094974746907165D+01  -0.2132991200778630D+00  0  0  0  0  0  0  0  0
    6   0.1497943297409488D-04   0.1070503341744811D+01   0.6398973602335890D+00  0  0  0  0  0  0  0  0
    7   0.1144622908335464D-04   0.4298020835227772D+01   0.2132991200778630D+00  0  0  0  0  0  0  0  0
    8   0.1105889373330841D-04   0.3817225181469991D+01  -0.6831187836279569D-02  0  0  0  0  0  0  0  0
    9   0.9469793088277916D-05   0.3725645429506557D+01  -0.3851087185056125D-02  0  0  0  0  0  0  0  0
   10   0.6878606841089768D-05   0.4544829611068419D+01   0.1925543592528062D-02  0  0  0  0  0  0  0  0
   11   0.6072279735075281D-05   0.3088021134790829D+00  -0.4265982401557260D+00  0  0  0  0  0  0  0  0
   12   0.3672628251015072D-05   0.5291779482141999D+01   0.1786772859246875D-01  0  0  0  0  0  0  0  0
   13   0.3001306766151942D-05   0.2631624338898295D+00   0.8931239595284827D-02  0  0  0  0  0  0  0  0
   14   0.2508038681269874D-05   0.5838193085927095D+01  -0.1754676234867099D+00  0  0  0  0  0  0  0  0
   15   0.2453965972048404D-05   0.4844097342411929D+01  -0.1085678318781289D-01  0  0  0  0  0  0  0  0
   16   0.1777443612458054D-05   0.1373143790052677D+00   0.1102063824754091D+00  0  0  0  0  0  0  0  0
   17   0.1638627359387858D-05   0.2338023546843110D+01   0.8531964803114520D+00  0  0  0  0  0  0  0  0
   18   0.1619813827555800D-05   0.3201683403167966D+01   0.4197670523194464D+00  0  0  0  0  0  0  0  0
   19   0.1585471208377748D-05   0.5833093965190200D+01   0.4334294279920056D+00  0  0  0  0  0  0  0  0
   20   0.1518975368269692D-05   0.3329608496168708D+01   0.6831187836279569D-02  0  0  0  0  0  0  0  0
   21   0.1151714556320695D-05   0.2625783233864042D-01   0.4355294797510108D+00  0  0  0  0  0  0  0  0
   22   0.8830894877995539D-06   0.5372467623946739D+01  -0.6398973602335890D+00  0  0  0  0  0  0  0  0
 9999  0  0  0  0  0  0  0  0  0  0  0
    8    1
    1   0.4931880677088688D-03   0.3141592653589793D+01   0.0000000000000000D+00  0  0  0  0  0  0  0  0
 9998  0  0  0  0  0  0  0  0  0  0  0
    2   0.1422582505896866D-02   0.1629074651441286D+01   0.1149955249555075D+03  0  0  0  0  0  1  0 -1
    3   0.1282760621734726D-04   0.2948174134620363D+01   0.1149974504991001D+03  0  0  0  0  0  1  0 -1
    4   0.1173808537373678D-04   0.3099779317070623D+00   0.1149935994119150D+03  0  0  0  0  0  1  0 -1
    5   0.8613770793559659D-06   0.4998444131476766D+01   0.1150044561951028D+03  0  0  0  0  0  1  0 -1
    6   0.4431013807987148D-06   0.5376468530544894D+00   0.1150025306515103D+03  0  0  0  0  0  1  0 -1
    7   0.1039093910223160D-03   0.3603730645243327D+01   0.5743044643283454D+02  0  0  0  0  0  0  0  2
    8   0.1318221383295526D-04   0.3603627895388855D+01   0.5743044643283454D+02  0  0  0  0  0  0  0  2
    9   0.6634921396309160D-05   0.1781167344645605D+01   0.5743237197642707D+02  0  0  0  0  0  0  0  2
   10   0.2219668063709623D-05   0.2284631982621601D+01   0.5742852088924202D+02  0  0  0  0  0  0  0  2
   11   0.2219668063709623D-05   0.4922829307865055D+01   0.5743237197642707D+02  0  0  0  0  0  0  0  2
   12   0.7061098947712363D-06   0.1781063076666148D+01   0.5743237197642707D+02  0  0  0  0  0  0  0  2
   13   0.6897439873031985D-06   0.3603531212414229D+01   0.5743044643283454D+02  0  0  0  0  0  0  0  2
   14   0.4815890873838023D-04   0.4857380043863779D+01   0.8606897731627176D+02  0  0  0  0  0  1  0 -2
   15   0.2261000099791683D-05   0.4144773749632801D+01   0.8607593648974211D+02  0  0  0  0  0  1  0 -2
   16   0.1539010606612464D-05   0.1349751065508437D+01   0.8606502793461998D+02  0  0  0  0  0  1  0 -2
   17   0.1205192931267955D-05   0.2446685865249762D-01   0.8606310239102744D+02  0  0  0  0  0  1  0 -2
   18   0.1049405056557275D-05   0.6205868207753926D+01   0.8607090285986429D+02  0  0  0  0  0  1  0 -2
   19   0.6346855400965112D-06   0.4208242392372787D+01   0.8649162617477570D+02  0  0  0  0  0  1  0 -2
   20   0.5125234375859194D-06   0.6347454751688458D+00   0.8606700262544587D+02  0  0  0  0  0  1  0 -2
   21   0.3791140650423246D-04   0.3877892946988424D+01   0.2589106383767805D+03  0  0  0  0  0  2  0 -1
   22   0.3479701758905445D-04   0.2913621055460106D+01   0.4790807978427668D+03  0  0  0  0  1  0  0 -1
   23   0.2109797808204992D-04   0.6169137529926802D+01   0.2892654763923579D+02  0  0  0  0  0  0  0  1
   24   0.1178034971556374D-04   0.3767316688774966D+01   0.2891958846576544D+02  0  0  0  0  0  0  0  1
   25   0.1260892982792229D-05   0.2865370330929173D+00   0.2893049702088756D+02  0  0  0  0  0  0  0  1
   26   0.1105411287499222D-05   0.3428232110024022D+01   0.2893049702088756D+02  0  0  0  0  0  0  0  1
   27   0.7170812904592723D-06   0.3420913120960960D+01   0.2893049702088756D+02  0  0  0  0  0  0  0  1
   28   0.6488168332435312D-06   0.4747272264327228D+01   0.2893242256448008D+02  0  0  0  0  0  0  0  1
   29   0.5615646064758847D-06   0.4746191819098314D+01   0.2893242256448008D+02  0  0  0  0  0  0  0  1
   30   0.2035144206960700D-04   0.2388622882333127D+01   0.5721714731919014D+02  0  0  0  0  0  0  0  2
   31   0.2926604917703857D-05   0.2388520458991813D+01   0.5721714731919014D+02  0  0  0  0  0  0  0  2
   32   0.1506081447204865D-05   0.5660579539606869D+00   0.5721907286278267D+02  0  0  0  0  0  0  0  2
   33   0.1870537893668915D-04   0.4970065340019012D+01   0.8095823480294860D+03  0  0  0  1  0  0  0 -1
   34   0.1638556362699022D-04   0.3120590560712127D+01   0.1728544951592234D+03  0  0  0  0  0  1  0  1
   35   0.1529823976752019D-04   0.4943058008729855D+01   0.1728525696156309D+03  0  0  0  0  0  1  0  1
   36   0.4393561481041129D-05   0.1297974022507647D+01   0.1728564207028159D+03  0  0  0  0  0  1  0  1
   37   0.5965719593399348D-06   0.5170692394242208D+01   0.1728615008552262D+03  0  0  0  0  0  1  0  1
   38   0.1557003369506093D-04   0.3258149248363778D+01   0.2299910499110151D+03  0  0  0  0  0  2  0 -2
   39   0.1199902334914149D-05   0.8563423202419649D+00   0.2299840907375447D+03  0  0  0  0  0  2  0 -2
   40   0.1228186282641710D-04   0.1724889079832807D+00   0.5785704466012334D+02  0  0  0  0  0  0  0  2
   41   0.1176258023998037D-04   0.3314184332779403D+01   0.5785704466012334D+02  0  0  0  0  0  0  0  2
   42   0.6557351705394024D-05   0.1491516764202223D+01   0.5785897020371587D+02  0  0  0  0  0  0  0  2
   43   0.6405368264798522D-05   0.3313984899950305D+01   0.5785704466012334D+02  0  0  0  0  0  0  0  2
   44   0.6172682903699512D-05   0.4633213794765795D+01   0.5785897020371587D+02  0  0  0  0  0  0  0  2
   45   0.1849113934605446D-05   0.5952077755114058D+01   0.5786089574730840D+02  0  0  0  0  0  0  0  2
   46   0.7233685566797959D-06   0.5117268855773154D+00   0.5784613610500123D+02  0  0  0  0  0  0  0  2
   47   0.6553814036784504D-06   0.2913580261178442D+01   0.5785309527847157D+02  0  0  0  0  0  0  0  2
   48   0.1129835111020686D-04   0.1931391320176082D+01   0.1186735406726115D+04  0  0  1  0  0  0  0 -1
   49   0.8894451926405188D-05   0.3717778422487947D+01   0.2850389879359876D+02  0  0  0  0  0  0  0  1
   50   0.1279765155817002D-05   0.3717675999146635D+01   0.2850389879359876D+02  0  0  0  0  0  0  0  1
   51   0.6585278743116177D-06   0.1895225923201359D+01   0.2850582433719129D+02  0  0  0  0  0  0  0  1
   52   0.4329731043745186D-05   0.1745631218955876D+01   0.3449865748665226D+03  0  0  0  0  0  3  0 -3
   53   0.3599154632304914D-05   0.2775939218332986D+01   0.7165405266799226D+00  0  0  0  0  0 -1  0  5
   54   0.3515734994495499D-05   0.4598407354081068D+01   0.7146149830873946D+00  0  0  0  0  0 -1  0  5
   55   0.3478141777876746D-05   0.3176429222382267D+01   0.7204899083316938D+00  0  0  0  0  0 -1  0  5
   56   0.2665836454376912D-05   0.1353906429920962D+01   0.7224154519242219D+00  0  0  0  0  0 -1  0  5
   57   0.2424687512275475D-05   0.3741587517563335D+00   0.7095813532095739D+00  0  0  0  0  0 -1  0  5
   58   0.2368323695654563D-05   0.2196618138085234D+01   0.7076558096170459D+00  0  0  0  0  0 -1  0  5
   59   0.1730312424825915D-05   0.4998916170228774D+01   0.7185643647391657D+00  0  0  0  0  0 -1  0  5
   60   0.9236794241568811D-06   0.9533149020652341D+00   0.7184660702724507D+00  0  0  0  0  0 -1  0  5
   61   0.9101734358180643D-06   0.5814438133970226D+01   0.7243409955167499D+00  0  0  0  0  0 -1  0  5
   62   0.6223980017737441D-06   0.4834746214664873D+01   0.7115068968021020D+00  0  0  0  0  0 -1  0  5
   63   0.5354701955778437D-06   0.1796193334454873D+01   0.7037064279652747D+00  0  0  0  0  0 -1  0  5
   64   0.5065090050950890D-06   0.4255501070028474D+01   0.7026221797392250D+00  0  0  0  0  0 -1  0  5
   65   0.4946872838108632D-06   0.6077953687111643D+01   0.7006966361466970D+00  0  0  0  0  0 -1  0  5
   66   0.3458158840283551D-05   0.3480902144089144D+00   0.8635699407207032D+02  0  0  0  0  0  0  0  3
   67   0.3397716237243428D-05   0.1677245754563736D+01   0.5764374554647894D+02  0  0  0  0  0  0  0  2
   68   0.1244982526944973D-05   0.5240566800117683D+01   0.5764374554647894D+02  0  0  0  0  0  0  0  2
   69   0.1091462762348523D-05   0.2099076569869200D+01   0.5764374554647894D+02  0  0  0  0  0  0  0  2
   70   0.6406895152069824D-06   0.3418104295086557D+01   0.5764567109007147D+02  0  0  0  0  0  0  0  2
   71   0.3248586724047530D-05   0.1173515119422923D+01   0.5700384820554574D+02  0  0  0  0  0  0  0  2
   72   0.2861462370993798D-05   0.2306043720186055D+00   0.2010645022717792D+03  0  0  0  0  0  2  0 -3
   73   0.1182264841666031D-05   0.2632429282009304D+01   0.2010714614452496D+03  0  0  0  0  0  2  0 -3
   74   0.2055029475492061D-05   0.2502670659577745D+01   0.2829059967995436D+02  0  0  0  0  0  0  0  1
   75   0.1822472901105999D-05   0.1375578599796670D+00   0.5713655475179166D+02  0  0  0  0  0  1  0 -3
   76   0.1780232418309521D-05   0.4598275031411171D+01   0.5713848029538418D+02  0  0  0  0  0  1  0 -3
   77   0.1648047287035982D-05   0.1857191416947010D+01   0.5714242967703596D+02  0  0  0  0  0  1  0 -3
   78   0.7820099241529981D-06   0.1117332070337260D+01   0.5714938885050630D+02  0  0  0  0  0  1  0 -3
   79   0.4677155865229010D-06   0.1960182176247418D+01   0.5713462920819913D+02  0  0  0  0  0  1  0 -3
   80   0.1430384079869284D-05   0.2331131895479707D+00   0.4599820998220301D+03  0  0  0  0  0  4  0 -4
   81   0.1235836620763296D-05   0.1387597018758499D+01   0.5807034377376775D+02  0  0  0  0  0  0  0  2
   82   0.1083444644978050D-05   0.4529292095689605D+01   0.5807034377376775D+02  0  0  0  0  0  0  0  2
   83   0.6359828738920669D-06   0.5848319820906959D+01   0.5807226931736027D+02  0  0  0  0  0  0  0  2
   84   0.1228324287730070D-05   0.6138699763037207D+01   0.4028257517980534D+03  0  0  0  0  0  3  0 -1
   85   0.1080732052994442D-05   0.6169261486294519D+01   0.4501542502035310D+03  0  0  0  0  1  0  0 -2
   86   0.9898839492003675D-06   0.5001271649790288D+01   0.3160600272272868D+03  0  0  0  0  0  3  0 -4
   87   0.8563952066234920D-06   0.3157716115970889D+01   0.2406215774107413D+04  1  0  0  0  0  0  0 -1
   88   0.8163925621658264D-06   0.3775239311342985D+01   0.1645938776167635D+04  0  1  0  0  0  0  0 -1
   89   0.7902043182815145D-06   0.6166128250563959D+01   0.5828364288741214D+02  0  0  0  0  0  0  0  2
   90   0.6957733951844473D-06   0.1201970451738299D+01   0.5828556843100467D+02  0  0  0  0  0  0  0  2
   91   0.6796470625999134D-06   0.3024438587486380D+01   0.5828364288741214D+02  0  0  0  0  0  0  0  2
   92   0.7283955691107278D-06   0.3393198290814080D+01   0.2821000711255587D+02  0  0  0  0  0  1  0 -4
   93   0.7115131339933769D-06   0.1570730155065997D+01   0.2821193265614840D+02  0  0  0  0  0  1  0 -4
   94   0.6748302380368017D-06   0.5416167758678300D+01   0.8614369495842593D+02  0  0  0  0  0  0  0  3
   95   0.5801464486513693D-06   0.4405137819662329D+01   0.5369397680464826D+03  0  0  0  0  1  0  0  1
   96   0.5667000670514980D-06   0.6227605955410412D+01   0.5369378425028901D+03  0  0  0  0  1  0  0  1
   97   0.5703165858434648D-06   0.5375403960487173D+01   0.3167696085804964D+03  0  0  0  0  0  2  0  1
   98   0.5570980365205931D-06   0.9146867890556700D+00   0.3167676830369039D+03  0  0  0  0  0  2  0  1
   99   0.5433130776641635D-06   0.1942520463673839D+01   0.7806558003902502D+03  0  0  0  1  0  0  0 -2
  100   0.4421327735883800D-06   0.5003780467319657D+01   0.5749776247775377D+03  0  0  0  0  0  5  0 -5
 9999  0  0  0  0  0  0  0  0  0  0  0
    8    2
    0   0.1661250302251527D+00      0.2892852233006167D+02
    1   0.1928386916598716D+00   0.1316743285171985D+01   0.1925543592528062D-02  0  0  0  0  0  0  0  0
    2   0.1197700127979115D-02   0.2905816296579413D+01   0.3851087185056125D-02  0  0  0  0  0  0  0  0
    3   0.1125807495942191D-02   0.4414124516924016D+01   0.2132991200778630D+00  0  0  0  0  0  0  0  0
    4   0.7466410913376219D-03   0.3411600296951643D+01   0.8931239595284827D-02  0  0  0  0  0  0  0  0
    5   0.3004295676379663D-03   0.4182760326808072D+01   0.4285237837482541D+00  0  0  0  0  0  0  0  0
    6   0.2400461005136443D-03   0.2926349976058209D+01   0.4265982401557260D+00  0  0  0  0  0  0  0  0
    7   0.1785444267015284D-03   0.3897159948941672D+01   0.6919778790613740D-02  0  0  0  0  0  0  0  0
    8   0.7393695567545098D-04   0.5503253064658139D+01   0.4304493273407821D+00  0  0  0  0  0  0  0  0
    9   0.5283085924212965D-04   0.6218635238921890D+01   0.2113735764853349D+00  0  0  0  0  0  0  0  0
   10   0.4076652529480639D-04   0.3776409831511328D+01   0.1083538245527340D-01  0  0  0  0  0  0  0  0
   11   0.4028991254502335D-04   0.1095989272623461D+01   0.2064679322415834D+00  0  0  0  0  0  0  0  0
   12   0.3811816549252109D-04   0.5449835843337831D+01   0.6418229038261171D+00  0  0  0  0  0  0  0  0
   13   0.3620254646473473D-04   0.6177614480595389D+00   0.1282203186788430D-01  0  0  0  0  0  0  0  0
   14   0.3586013723690129D-04   0.2436062381089369D+01   0.2152246636703911D+00  0  0  0  0  0  0  0  0
   15   0.3490441837523331D-04   0.4159104921593594D+01   0.6398973602335890D+00  0  0  0  0  0  0  0  0
   16   0.2377227624569038D-04   0.3239254695447169D+01   0.1031868899480124D+00  0  0  0  0  0  0  0  0
   17   0.2148685811756090D-04   0.3324109814821024D+01   0.2002818098055070D-01  0  0  0  0  0  0  0  0
   18   0.2023635272434820D-04   0.5342652755830533D+01   0.1786772859246875D-01  0  0  0  0  0  0  0  0
   19   0.1603086203623188D-04   0.2485710326866144D+01   0.4226488585039549D+00  0  0  0  0  0  0  0  0
   20   0.1314054216207817D-04   0.5873663787672587D+01   0.3163918576803169D+00  0  0  0  0  0  0  0  0
   21   0.9878270828624305D-05   0.4692950541308903D+00   0.6437484474186451D+00  0  0  0  0  0  0  0  0
   22   0.7459887995646048D-05   0.4087393199562610D+01   0.2201303079141426D+00  0  0  0  0  0  0  0  0
 9998  0  0  0  0  0  0  0  0  0  0  0
   23   0.7282549735894645D-03   0.4770667297372782D+01   0.1149955249555075D+03  0  0  0  0  0  1  0 -1
   24   0.3358151723062283D-05   0.6089767182911175D+01   0.1149974504991001D+03  0  0  0  0  0  1  0 -1
   25   0.2940137697333849D-05   0.3451571632901731D+01   0.1149935994119150D+03  0  0  0  0  0  1  0 -1
   26   0.3257749851873783D-06   0.1856841516027055D+01   0.1150044561951028D+03  0  0  0  0  0  1  0 -1
   27   0.1226877582046494D-03   0.3603730645243328D+01   0.5743044643283454D+02  0  0  0  0  0  0  0  2
   28   0.1442654202758791D-04   0.3603627947367320D+01   0.5743044643283454D+02  0  0  0  0  0  0  0  2
   29   0.7287158009695637D-05   0.1781167080644662D+01   0.5743237197642707D+02  0  0  0  0  0  0  0  2
   30   0.2227388462533576D-05   0.4922829307865055D+01   0.5743237197642707D+02  0  0  0  0  0  0  0  2
   31   0.2227388462533576D-05   0.2284631982621601D+01   0.5742852088924202D+02  0  0  0  0  0  0  0  2
   32   0.7085743939411694D-06   0.1781063076666148D+01   0.5743237197642707D+02  0  0  0  0  0  0  0  2
   33   0.6921513653852260D-06   0.3603531212414229D+01   0.5743044643283454D+02  0  0  0  0  0  0  0  2
   34   0.1169604863611512D-03   0.2901894204038109D+01   0.7165405266799226D+00  0  0  0  0  0 -1  0  5
   35   0.1078338305442189D-03   0.4729254738533461D+01   0.7146149830873946D+00  0  0  0  0  0 -1  0  5
   36   0.8881380857833267D-04   0.3150761163748690D+01   0.7204899083316938D+00  0  0  0  0  0 -1  0  5
   37   0.8075655730402778D-04   0.4519505673931613D+00   0.7095813532095739D+00  0  0  0  0  0 -1  0  5
   38   0.7285893683141579D-04   0.2281556670811775D+01   0.7076558096170459D+00  0  0  0  0  0 -1  0  5
   39   0.7271303455844460D-04   0.1353835388413780D+01   0.7224154519242219D+00  0  0  0  0  0 -1  0  5
   40   0.3531961223297060D-04   0.4936014332687674D+01   0.7185643647391657D+00  0  0  0  0  0 -1  0  5
   41   0.3019281277001780D-04   0.1123239346047937D+01   0.7184660702724507D+00  0  0  0  0  0 -1  0  5
   42   0.2328751291389269D-04   0.5814424528754509D+01   0.7243409955167499D+00  0  0  0  0  0 -1  0  5
   43   0.2186693735333124D-04   0.1995274806149824D+01   0.7037064279652747D+00  0  0  0  0  0 -1  0  5
   44   0.1672869957989543D-04   0.4866436698742614D+01   0.7115068968021020D+00  0  0  0  0  0 -1  0  5
   45   0.1475074400837350D-04   0.5719796115875051D+01   0.6967472544949258D+00  0  0  0  0  0 -1  0  5
   46   0.1399238708843930D-04   0.4239759216446882D+01   0.7026221797392250D+00  0  0  0  0  0 -1  0  5
   47   0.1179423115340822D-04   0.6061718986149902D+01   0.7006966361466970D+00  0  0  0  0  0 -1  0  5
   48   0.8812132213666628D-05   0.1185788445220376D+01   0.7185152175058083D+00  0  0  0  0  0 -1  0  5
   49   0.8507522187621048D-05   0.3014198965814164D+01   0.7165896739132802D+00  0  0  0  0  0 -1  0  5
   50   0.6197295348292014D-05   0.3290476399266866D+01   0.7294211479269787D+00  0  0  0  0  0 -1  0  5
   51   0.5971965491672709D-05   0.8753490785501354D+00   0.7057302660245178D+00  0  0  0  0  0 -1  0  5
   52   0.5336777443382800D-05   0.3277820916335360D+01   0.7126894394948665D+00  0  0  0  0  0 -1  0  5
   53   0.3985256112150306D-05   0.3275634661668579D+01   0.6897880810245771D+00  0  0  0  0  0 -1  0  5
   54   0.3608057298728251D-05   0.4863591915141639D+01   0.7235462226826794D+00  0  0  0  0  0 -1  0  5
   55   0.3299741975330665D-05   0.4703710238329596D+01   0.7115560440354595D+00  0  0  0  0  0 -1  0  5
   56   0.3223198173228014D-05   0.2430574184290058D+00   0.7096305004429314D+00  0  0  0  0  0 -1  0  5
   57   0.2688244928253836D-05   0.5275014486169524D+01   0.2919661245834397D+00  0  0  0  0  0 -1  0  5
   58   0.2613243661620941D-05   0.2424238476169638D+01   0.7165870492123307D+00  0  0  0  0  0 -1  0  5
   59   0.2574587837723788D-05   0.5732598943257583D+01   0.7116051912688169D+00  0  0  0  0  0 -1  0  5
   60   0.2569260340418719D-05   0.3452633751557773D+01   0.2938916681759678D+00  0  0  0  0  0 -1  0  5
   61   0.2549155479604930D-05   0.5291014601965657D+01   0.7204407610983363D+00  0  0  0  0  0 -1  0  5
   62   0.2330447358044871D-05   0.2432875200820899D+01   0.7045477233317531D+00  0  0  0  0  0 -1  0  5
   63   0.2254199615438521D-05   0.6141816327520342D+01   0.7056811187911602D+00  0  0  0  0  0 -1  0  5
   64   0.2089500807780357D-05   0.1580270469414437D+01   0.7313466915195067D+00  0  0  0  0  0 -1  0  5
   65   0.2042389544816678D-05   0.5291730688852117D+01   0.7274956043344506D+00  0  0  0  0  0 -1  0  5
   66   0.1915584168637660D-05   0.6159110785889812D+01   0.7134324403946301D+00  0  0  0  0  0 -1  0  5
   67   0.1876817015958310D-05   0.4754449361520011D+00   0.7017808843727467D+00  0  0  0  0  0 -1  0  5
   68   0.1747595341910651D-05   0.4598506696879712D+01   0.7146149830873946D+00  0  0  0  0  0 -1  0  5
   69   0.1576239906932032D-05   0.3002295562826074D+01   0.7254717662752075D+00  0  0  0  0  0 -1  0  5
   70   0.1511339171430308D-05   0.4356355818907831D+01   0.6948217109023977D+00  0  0  0  0  0 -1  0  5
   71   0.1499811815760443D-05   0.3988002288677764D+01   0.7262665391092780D+00  0  0  0  0  0 -1  0  5
   72   0.1460797854077857D-05   0.3748973474201665D+01   0.7293746253945707D+00  0  0  0  0  0 -1  0  5
   73   0.1415742853315232D-05   0.4757124368944763D+01   0.6987710925541689D+00  0  0  0  0  0 -1  0  5
   74   0.1368009711983665D-05   0.1050560920047950D+01   0.2869324947056190D+00  0  0  0  0  0 -1  0  5
   75   0.1352657464923885D-05   0.2873044246870902D+01   0.2850069511130909D+00  0  0  0  0  0 -1  0  5
   76   0.1234180648016043D-05   0.3899910056343316D+01   0.7135307348613450D+00  0  0  0  0  0 -1  0  5
   77   0.1216707168547837D-05   0.7209469663619112D+00   0.6986727980874539D+00  0  0  0  0  0 -1  0  5
   78   0.1191488030171526D-05   0.2272066757023249D+01   0.7203916138649787D+00  0  0  0  0  0 -1  0  5
   79   0.1095526621882867D-05   0.1933069997683063D+01   0.7313001689870987D+00  0  0  0  0  0 -1  0  5
   80   0.1040382661140688D-05   0.2776032023831034D+01   0.7165405266799226D+00  0  0  0  0  0 -1  0  5
   81   0.1036863039010391D-05   0.1630081068326518D+01   0.2958172117684958D+00  0  0  0  0  0 -1  0  5
   82   0.9616747267908099D-06   0.6000060288823683D+00   0.7185125928048588D+00  0  0  0  0  0 -1  0  5
   83   0.9373769411023921D-06   0.2775839264562756D+01   0.7165405266799226D+00  0  0  0  0  0 -1  0  5
   84   0.9196878775751337D-06   0.2473094150998370D+01   0.2810575694613199D+00  0  0  0  0  0 -1  0  5
   85   0.8755936386396388D-06   0.3115210303371935D+01   0.7056319715578028D+00  0  0  0  0  0 -1  0  5
   86   0.8603158836863158D-06   0.4197919449469832D+01   0.7106656014356235D+00  0  0  0  0  0 -1  0  5
   87   0.6705489554710231D-06   0.2196721921176780D+01   0.7076558096170459D+00  0  0  0  0  0 -1  0  5
   88   0.6185477101046089D-06   0.3740148248275139D+00   0.7095813532095739D+00  0  0  0  0  0 -1  0  5
   89   0.6153101453617282D-06   0.4598315612349802D+01   0.7146149830873946D+00  0  0  0  0  0 -1  0  5
   90   0.6144966414607280D-06   0.2242399219818416D-01   0.7096278757419818D+00  0  0  0  0  0 -1  0  5
   91   0.5627708927914463D-06   0.5539620791805293D+01   0.7274490818020426D+00  0  0  0  0  0 -1  0  5
   92   0.5610129338334513D-06   0.3684122942793509D+01   0.7166388211466377D+00  0  0  0  0  0 -1  0  5
   93   0.5398713831902744D-06   0.5177746978176391D+01   0.7234997001502714D+00  0  0  0  0  0 -1  0  5
   94   0.5273506284484312D-06   0.7170338045570530D+00   0.7215741565577434D+00  0  0  0  0  0 -1  0  5
   95   0.5262843436434110D-06   0.2183142522975625D+01   0.8059254809810479D-01  0  0  0  0  0 -1  0  5
   96   0.5227495470767936D-06   0.4005663121141773D+01   0.7866700450557673D-01  0  0  0  0  0 -1  0  5
   97   0.5199527236321857D-06   0.3176522564528122D+01   0.7204899083316938D+00  0  0  0  0  0 -1  0  5
   98   0.4804692875682566D-06   0.9532931667972451D+00   0.7184660702724507D+00  0  0  0  0  0 -1  0  5
   99   0.4764703494829237D-06   0.3176626472799736D+01   0.7204899083316938D+00  0  0  0  0  0 -1  0  5
  100   0.4753480849396105D-06   0.1353820721455883D+01   0.7224154519242219D+00  0  0  0  0  0 -1  0  5
  101   0.4670984240146942D-06   0.3176334540097546D+01   0.7204899083316938D+00  0  0  0  0  0 -1  0  5
  102   0.4654269273348351D-06   0.4999094608547819D+01   0.7185643647391657D+00  0  0  0  0  0 -1  0  5
  103   0.4614651554236785D-06   0.4267748340354923D+01   0.7134842123289370D+00  0  0  0  0  0 -1  0  5
  104   0.4531105084562628D-06   0.6090353248906123D+01   0.7115586687364089D+00  0  0  0  0  0 -1  0  5
  105   0.4077887373315127D-06   0.5689822989499520D+01   0.7076092870846378D+00  0  0  0  0  0 -1  0  5
  106   0.4060252228628880D-06   0.2196491172614561D+01   0.7076558096170459D+00  0  0  0  0  0 -1  0  5
  107   0.3973724314685021D-06   0.4140593867861234D+00   0.2860911993391405D+00  0  0  0  0  0 -1  0  5
  108   0.3969393749935304D-06   0.8738771354003039D+00   0.6828289075542282D+00  0  0  0  0  0 -1  0  5
  109   0.3815771898913724D-06   0.7105474585412466D-01   0.2740983959909710D+00  0  0  0  0  0 -1  0  5
  110   0.3814316630052462D-06   0.3288005910176154D+01   0.7006501136142891D+00  0  0  0  0  0 -1  0  5
  111   0.3799033641308746D-06   0.4259130445062984D+01   0.7255235382095145D+00  0  0  0  0  0 -1  0  5
  112   0.3480378535316622D-06   0.5511199893486148D+01   0.2888580382981470D+00  0  0  0  0  0 -1  0  5
  113   0.3472239690061985D-06   0.1735637572758064D+01   0.2880167429316686D+00  0  0  0  0  0 -1  0  5
  114   0.3451429900993856D-06   0.3742836957045070D+00   0.7095813532095739D+00  0  0  0  0  0 -1  0  5
  115   0.3418187177414854D-06   0.8141915154020281D+00   0.2900405809909117D+00  0  0  0  0  0 -1  0  5
  116   0.3413057991197158D-06   0.4998998912315168D+01   0.7185643647391657D+00  0  0  0  0  0 -1  0  5
  117   0.3242171175776111D-06   0.3907553066682691D+01   0.7255700607419225D+00  0  0  0  0  0 -1  0  5
  118   0.3187588107072781D-06   0.6035967805962264D+01   0.7332722351120348D+00  0  0  0  0  0 -1  0  5
  119   0.3170476726805622D-06   0.4834654034241590D+01   0.7115068968021020D+00  0  0  0  0  0 -1  0  5
  120   0.3140486507800807D-06   0.4482050013324328D+01   0.7115534193345099D+00  0  0  0  0  0 -1  0  5
  121   0.3075011314359275D-06   0.3644290442329441D+01   0.6987219453208114D+00  0  0  0  0  0 -1  0  5
  122   0.3070012836628351D-06   0.5229794370811791D+01   0.7154562784538731D+00  0  0  0  0  0 -1  0  5
  123   0.3062931422970319D-06   0.3916284298317819D+01   0.7135307348613450D+00  0  0  0  0  0 -1  0  5
  124   0.3033297996664303D-06   0.6195403829536804D+01   0.2899422865241966D+00  0  0  0  0  0 -1  0  5
  125   0.2941694888718857D-06   0.3751626473924576D+01   0.7064732669242811D+00  0  0  0  0  0 -1  0  5
  126   0.2637183491724404D-04   0.4683474110615003D+01   0.1439220725947433D+03  0  0  0  0  0  1  0  0
  127   0.8279548593975801D-06   0.1908398224503419D+01   0.1439260219763951D+03  0  0  0  0  0  1  0  0
  128   0.6484210285032441D-06   0.3233671623826318D+01   0.1439279475199876D+03  0  0  0  0  0  1  0  0
  129   0.3741206194503089D-06   0.3334420556287444D+01   0.1439201470511508D+03  0  0  0  0  0  1  0  0
  130   0.3414474608395144D-06   0.5333092134829300D+01   0.1434994237362394D+03  0  0  0  0  0  1  0  0
  131   0.2403370419637644D-04   0.2388622882333125D+01   0.5721714731919014D+02  0  0  0  0  0  0  0  2
  132   0.3186149545425659D-05   0.2388520458991813D+01   0.5721714731919014D+02  0  0  0  0  0  0  0  2
  133   0.1639647596215571D-05   0.5660579539606869D+00   0.5721907286278267D+02  0  0  0  0  0  0  0  2
  134   0.4360169268782757D-06   0.3707721544954854D+01   0.5721907286278267D+02  0  0  0  0  0  0  0  2
  135   0.4360169268782757D-06   0.1069524219711398D+01   0.5721522177559761D+02  0  0  0  0  0  0  0  2
  136   0.2222879678616121D-04   0.7364334077752746D+00   0.2589106383767805D+03  0  0  0  0  0  2  0 -1
  137   0.2181721459549961D-04   0.6055213709049899D+01   0.4790807978427668D+03  0  0  0  0  1  0  0 -1
  138   0.2037342614731350D-04   0.3686574112838511D+01   0.2850389879359876D+02  0  0  0  0  0  0  0  1
  139   0.2578067662242833D-05   0.3717675999146635D+01   0.2850389879359876D+02  0  0  0  0  0  0  0  1
  140   0.1326594499716358D-05   0.1895225923265205D+01   0.2850582433719129D+02  0  0  0  0  0  0  0  1
  141   0.8593669702293824D-06   0.1756009585606166D+00   0.2849994941194699D+02  0  0  0  0  0  0  0  1
  142   0.8157291503991916D-06   0.3317091188809099D+01   0.2849994941194699D+02  0  0  0  0  0  0  0  1
  143   0.8133023485324827D-06   0.5140435273709099D+01   0.2849802386835446D+02  0  0  0  0  0  0  0  1
  144   0.8091467686328637D-06   0.6119791853597793D+01   0.2851085796706911D+02  0  0  0  0  0  0  0  1
  145   0.6861953263277108D-06   0.5038406921824529D+01   0.2850582433719129D+02  0  0  0  0  0  0  0  1
  146   0.5172131934534886D-06   0.1859239820337615D+00   0.2849994941194699D+02  0  0  0  0  0  0  0  1
  147   0.4418741307932034D-06   0.1997951520656880D+01   0.2849802386835446D+02  0  0  0  0  0  0  0  1
  148   0.3504383346317222D-06   0.2398679759866219D+01   0.2850197325000623D+02  0  0  0  0  0  0  0  1
  149   0.3059127278557355D-06   0.3041311214209734D+01   0.2892654765210271D+02  0  0  0  0  0  0  0  1
  150   0.1769563612146425D-04   0.3258149248363778D+01   0.2299910499110151D+03  0  0  0  0  0  2  0 -2
  151   0.6546227444825897D-06   0.4577247910985506D+01   0.2299929754546076D+03  0  0  0  0  0  2  0 -2
  152   0.6546227444825897D-06   0.1939050585742052D+01   0.2299891243674225D+03  0  0  0  0  0  2  0 -2
  153   0.1381584330925251D-04   0.3314184332779403D+01   0.5785704466012334D+02  0  0  0  0  0  0  0  2
  154   0.1340170537299423D-04   0.1724889636822213D+00   0.5785704466012334D+02  0  0  0  0  0  0  0  2
  155   0.6761318001505776D-05   0.4633213511110228D+01   0.5785897020371587D+02  0  0  0  0  0  0  0  2
  156   0.3673272656623667D-06   0.1491416810431993D+01   0.5785897020371587D+02  0  0  0  0  0  0  0  2
  157   0.1184715424009358D-04   0.1828472686429220D+01   0.8095823480294860D+03  0  0  0  1  0  0  0 -1
  158   0.1029453478899256D-04   0.3120590331336322D+01   0.1728544951592234D+03  0  0  0  0  0  1  0  1
  159   0.9488209354297983D-05   0.4943057563632108D+01   0.1728525696156309D+03  0  0  0  0  0  1  0  1
  160   0.2792746040615356D-05   0.1297967072116361D+01   0.1728564207028159D+03  0  0  0  0  0  1  0  1
  161   0.4374967901448417D-06   0.5170827648758129D+01   0.1728615008552262D+03  0  0  0  0  0  1  0  1
  162   0.7269853312811282D-05   0.5072983973765877D+01   0.1186735406726115D+04  0  0  1  0  0  0  0 -1
  163   0.6013024933189873D-05   0.1743122401426509D+01   0.8606897731627176D+02  0  0  0  0  0  1  0 -2
  164   0.4958075120563441D-05   0.4144929329850513D+01   0.8607593648974211D+02  0  0  0  0  0  1  0 -2
  165   0.4353564226390001D-05   0.6257381704689877D+00   0.2891958846576544D+02  0  0  0  0  0  0  0  1
  166   0.2394532800288429D-05   0.3428232110024023D+01   0.2893049702088756D+02  0  0  0  0  0  0  0  1
  167   0.2183715272262793D-05   0.2865370330929173D+00   0.2893049702088756D+02  0  0  0  0  0  0  0  1
  168   0.2113893307520584D-05   0.3027544876345173D+01   0.2892654763923579D+02  0  0  0  0  0  0  0  1
  169   0.1297325525448257D-05   0.4747272264391551D+01   0.2893242256448008D+02  0  0  0  0  0  0  0  1
  170   0.8404065818838439D-06   0.3027647299686485D+01   0.2892654763923579D+02  0  0  0  0  0  0  0  1
  171   0.8404065818838439D-06   0.3027442453003861D+01   0.2892654763923579D+02  0  0  0  0  0  0  0  1
  172   0.6782882728655119D-06   0.1605564541446842D+01   0.2893242256448008D+02  0  0  0  0  0  0  0  1
  173   0.6625672028273012D-06   0.3428032677194925D+01   0.2893049702088756D+02  0  0  0  0  0  0  0  1
  174   0.4324877449044836D-06   0.1204979947972735D+01   0.2892847318282831D+02  0  0  0  0  0  0  0  1
  175   0.4321249719379707D-06   0.4849997861787055D+01   0.2892462209564326D+02  0  0  0  0  0  0  0  1
  176   0.3936684188721603D-06   0.4007371902635274D+01   0.2893938173795043D+02  0  0  0  0  0  0  0  1
  177   0.3845413058184980D-06   0.5829842020175415D+01   0.2893745619435791D+02  0  0  0  0  0  0  0  1
  178   0.3164931584142412D-06   0.5589825798207451D+01   0.2891766292217291D+02  0  0  0  0  0  0  0  1
  179   0.3164896582547253D-06   0.1944834709464376D+01   0.2892151400935796D+02  0  0  0  0  0  0  0  1
  180   0.2917227235442026D-06   0.1708446213723446D+01   0.2892462209564326D+02  0  0  0  0  0  0  0  1
  181   0.2917227235442026D-06   0.4346643538966901D+01   0.2892847318282831D+02  0  0  0  0  0  0  0  1
  182   0.4216532478702710D-05   0.1745631218955876D+01   0.3449865748665226D+03  0  0  0  0  0  3  0 -3
  183   0.4016366955996776D-05   0.2502670659577745D+01   0.2829059967995436D+02  0  0  0  0  0  0  0  1
  184   0.5075529621445196D-06   0.2502568236236433D+01   0.2829059967995436D+02  0  0  0  0  0  0  0  1
  185   0.3544419270066688D-05   0.1677245754563736D+01   0.5764374554647894D+02  0  0  0  0  0  0  0  2
  186   0.1350740909818762D-05   0.5240566800117683D+01   0.5764374554647894D+02  0  0  0  0  0  0  0  2
  187   0.1275135226894657D-05   0.2099076569869200D+01   0.5764374554647894D+02  0  0  0  0  0  0  0  2
  188   0.6951146059901856D-06   0.3418104295086557D+01   0.5764567109007147D+02  0  0  0  0  0  0  0  2
  189   0.4502244058755288D-06   0.1677143331222423D+01   0.5764374554647894D+02  0  0  0  0  0  0  0  2
  190   0.3659914666470186D-06   0.2764090012920215D+00   0.5764567109007147D+02  0  0  0  0  0  0  0  2
  191   0.3575086759063831D-06   0.2098877137040104D+01   0.5764374554647894D+02  0  0  0  0  0  0  0  2
  192   0.3405167226829016D-05   0.1173515119422923D+01   0.5700384820554574D+02  0  0  0  0  0  0  0  2
  193   0.4327155481334157D-06   0.1173412696081610D+01   0.5700384820554574D+02  0  0  0  0  0  0  0  2
  194   0.2569819239848606D-05   0.2306043720186055D+00   0.2010645022717792D+03  0  0  0  0  0  2  0 -3
  195   0.1150895741388962D-05   0.2632411300442608D+01   0.2010714614452496D+03  0  0  0  0  0  2  0 -3
  196   0.2517101053299125D-05   0.1375551717917236D+00   0.5713655475179166D+02  0  0  0  0  0  1  0 -3
  197   0.2480836668098538D-05   0.4598277210434070D+01   0.5713848029538418D+02  0  0  0  0  0  1  0 -3
  198   0.1143486543010702D-05   0.1117389755399236D+01   0.5714938885050630D+02  0  0  0  0  0  1  0 -3
  199   0.7533074112851135D-06   0.1960182176247418D+01   0.5713462920819913D+02  0  0  0  0  0  1  0 -3
  200   0.2502679246525132D-05   0.3480902144089144D+00   0.8635699407207032D+02  0  0  0  0  0  0  0  3
  201   0.1392818914226552D-05   0.3393198290814080D+01   0.2821000711255587D+02  0  0  0  0  0  1  0 -4
  202   0.1360536764325014D-05   0.1570730155065997D+01   0.2821193265614840D+02  0  0  0  0  0  1  0 -4
  203   0.4891864753374598D-06   0.5795005219238083D+01   0.2821696628602622D+02  0  0  0  0  0  1  0 -4
  204   0.4778483243651071D-06   0.3972537083490000D+01   0.2821889182961875D+02  0  0  0  0  0  1  0 -4
  205   0.3574500970589592D-06   0.5215822607081832D+01   0.2820808156896335D+02  0  0  0  0  0  1  0 -4
  206   0.1336264182062455D-05   0.1387597018758499D+01   0.5807034377376775D+02  0  0  0  0  0  0  0  2
  207   0.1261775459260343D-05   0.4529292095689605D+01   0.5807034377376775D+02  0  0  0  0  0  0  0  2
  208   0.6876646318040166D-06   0.5848319820906959D+01   0.5807226931736027D+02  0  0  0  0  0  0  0  2
  209   0.3619662493912897D-06   0.2706624527112425D+01   0.5807226931736027D+02  0  0  0  0  0  0  0  2
  210   0.3535767533823012D-06   0.4529092662860506D+01   0.5807034377376775D+02  0  0  0  0  0  0  0  2
  211   0.1310246341606266D-05   0.2331131895479707D+00   0.4599820998220301D+03  0  0  0  0  0  4  0 -4
  212   0.8529888489883649D-06   0.6166128250563959D+01   0.5828364288741214D+02  0  0  0  0  0  0  0  2
  213   0.6930739384650136D-06   0.1201970451738299D+01   0.5828556843100467D+02  0  0  0  0  0  0  0  2
  214   0.6770101727120896D-06   0.3024438587486380D+01   0.5828364288741214D+02  0  0  0  0  0  0  0  2
  215   0.4389627969127892D-06   0.4343665745532833D+01   0.5828556843100467D+02  0  0  0  0  0  0  0  2
  216   0.4027682153504624D-06   0.3024638020315478D+01   0.5828364288741214D+02  0  0  0  0  0  0  0  2
  217   0.3631832770215205D-06   0.4343463151557861D+01   0.5828556843100467D+02  0  0  0  0  0  0  0  2
  218   0.8221773615274948D-06   0.5879488794129729D+01   0.2935314586652459D+02  0  0  0  0  0  0  0  1
  219   0.7813137857380711D-06   0.2737998563881249D+01   0.2935314586652459D+02  0  0  0  0  0  0  0  1
  220   0.4231066732027226D-06   0.4057026289098603D+01   0.2935507141011711D+02  0  0  0  0  0  0  0  1
  221   0.8149891095115382D-06   0.5001271649790290D+01   0.3160600272272868D+03  0  0  0  0  0  3  0 -4
  222   0.3764251887678508D-06   0.1119909356269040D+01   0.3160669864007572D+03  0  0  0  0  0  3  0 -4
  223   0.7620147658522374D-06   0.1608073358976210D+01   0.2878500201147309D+03  0  0  0  0  0  2  0  0
  224   0.7489157248963648D-06   0.6282589894747257D+00   0.2878371860160163D+03  0  0  0  0  0  2  0  0
  225   0.7443531196416904D-06   0.3430541494724291D+01   0.2878480945711384D+03  0  0  0  0  0  2  0  0
  226   0.7410458807790901D-06   0.2997108078146744D+01   0.4028257517980534D+03  0  0  0  0  0  3  0 -1
  227   0.2917099551383937D-06   0.9555532956830555D-01   0.4028455450702384D+03  0  0  0  0  0  3  0 -1
  228   0.7277204919188508D-06   0.5941165931805280D+01   0.5080073454820026D+03  0  0  0  0  1  0  0  0
  229   0.6286284677985618D-06   0.1791293531808356D+01   0.2871719790724316D+02  0  0  0  0  0  0  0  1
  230   0.4190958483159967D-06   0.1812437113434972D+01   0.2871324852559139D+02  0  0  0  0  0  0  0  1
  231   0.6143353968708967D-06   0.1287562896667545D+01   0.2807730056630996D+02  0  0  0  0  0  0  0  1
  232   0.5608837306250120D-06   0.1612346238109583D-01   0.2406215774107413D+04  1  0  0  0  0  0  0 -1
  233   0.5287253161661598D-06   0.6336466577531914D+00   0.1645938776167635D+04  0  1  0  0  0  0  0 -1
  234   0.4889359735634015D-06   0.5416167758678300D+01   0.8614369495842593D+02  0  0  0  0  0  0  0  3
  235   0.4416345379733718D-06   0.6241592663692312D+01   0.5679054909190134D+02  0  0  0  0  0  0  0  2
  236   0.4101604037784085D-06   0.4242652639255375D+01   0.2913984675288019D+02  0  0  0  0  0  0  0  1
  237   0.3830879278957400D-06   0.5003780467319657D+01   0.5749776247775377D+03  0  0  0  0  0  5  0 -5
  238   0.3811901873161304D-06   0.1714424909184600D+01   0.8385088956687217D+03  0  0  0  1  0  0  0  0
  239   0.3716648744882634D-06   0.4908225137751350D+01   0.1721320797072992D+03  0  0  0  0  0  2  0 -4
  240   0.3630505879727552D-06   0.3085757002003267D+01   0.1721340052508917D+03  0  0  0  0  0  2  0 -4
  241   0.3001367588499240D-06   0.5512961820466838D+01   0.3739061633322880D+03  0  0  0  0  0  3  0 -2
 9999  0  0  0  0  0  0  0  0  0  0  0
    8    3
    1   0.1016094463287790D-02   0.5106842617766041D+01   0.0000000000000000D+00  0  0  0  0  0  0  0  0
    2   0.2935648107313708D-01   0.3358649794029711D+01   0.1974690825885564D-02  0  0  0  0  0  0  0  0
    3   0.9953584143544754D-03   0.5831603333509536D+01   0.8933864296234374D-02  0  0  0  0  0  0  0  0
    4   0.7357194732163894D-03   0.6035829207568037D+01  -0.1974690825885564D-02  0  0  0  0  0  0  0  0
    5   0.6699050371985383D-03   0.4753014210656826D+01  -0.3900234418413626D-02  0  0  0  0  0  0  0  0
    6   0.4151869133102979D-03   0.4743964405299185D+01   0.3900234418413626D-02  0  0  0  0  0  0  0  0
    7   0.3789273029962630D-03   0.2745292826757329D+01   0.4246235493298404D+00  0  0  0  0  0  0  0  0
    8   0.1991669418726220D-03   0.4485476749277378D+01   0.7008320703706311D-02  0  0  0  0  0  0  0  0
    9   0.1899854046059933D-03   0.3517567007545812D+01  -0.5825778010941689D-02  0  0  0  0  0  0  0  0
   10   0.1234894258008271D-03   0.8652949986394700D+00   0.1085940788876244D-01  0  0  0  0  0  0  0  0
   11   0.1011804925675502D-03   0.3745348713034283D+01  -0.8933864296234374D-02  0  0  0  0  0  0  0  0
   12   0.6928098928797385D-04   0.5576141930376416D+01  -0.1085940788876244D-01  0  0  0  0  0  0  0  0
   13   0.4889687732101663D-04   0.4014982830991590D+01   0.6379226694077035D+00  0  0  0  0  0  0  0  0
   14   0.2082728796332944D-04   0.1173870037237461D+01  -0.1278495148129050D-01  0  0  0  0  0  0  0  0
   15   0.2039385297517835D-04   0.4585155128610154D+01   0.2113244292519774D+00  0  0  0  0  0  0  0  0
   16   0.1799640976047236D-04   0.2341543068636097D+00   0.4176643758594916D+00  0  0  0  0  0  0  0  0
   17   0.1595251648310000D-04   0.6234432051555658D+01   0.2132991200778630D+00  0  0  0  0  0  0  0  0
   18   0.1343153395169566D-04   0.4649306306086897D+01   0.2152738109037486D+00  0  0  0  0  0  0  0  0
   19   0.1287853944279400D-04   0.5287782933428181D+01  -0.2113244292519774D+00  0  0  0  0  0  0  0  0
   20   0.1130469268372695D-04   0.4574612374891347D+01   0.4226488585039549D+00  0  0  0  0  0  0  0  0
   21   0.1065311292483293D-04   0.3513635458424760D-02   0.4285237837482541D+00  0  0  0  0  0  0  0  0
   22   0.6594412507279831D-05   0.1160392236116490D+01   0.4304984745741396D+00  0  0  0  0  0  0  0  0
   23   0.5041791242559473D-05   0.5286783389563643D+01   0.8512217894855665D+00  0  0  0  0  0  0  0  0
   24   0.4598867989379571D-06   0.1609956090712706D+01   0.6309634959373547D+00  0  0  0  0  0  0  0  0
   25   0.3040421176914689D-06   0.2136467296916470D+01   0.2043652557816286D+00  0  0  0  0  0  0  0  0
 9998  0  0  0  0  0  0  0  0  0  0  0
   26   0.5937514602713236D-03   0.4936792335851361D+01   0.1439240472855692D+03  0  0  0  0  0  1  0  0
   27   0.5590721162724015D-05   0.6255890970618563D+01   0.1439259728291617D+03  0  0  0  0  0  1  0  0
   28   0.5121289657996665D-05   0.3617695571228794D+01   0.1439221217419767D+03  0  0  0  0  0  1  0  0
   29   0.3508789971395948D-06   0.2022944114109337D+01   0.1439329785251645D+03  0  0  0  0  0  1  0  0
   30   0.2738557431501198D-03   0.1678643034250733D+01  -0.8606700262544587D+02  0  0  0  0  0 -1  0  2
   31   0.2085092385794607D-05   0.3595434709071512D+00  -0.8606892816903840D+02  0  0  0  0  0 -1  0  2
   32   0.1891655464023067D-05   0.2997740360570593D+01  -0.8606507708185333D+02  0  0  0  0  0 -1  0  2
   33   0.2532842572772215D-03   0.1661250302251527D+00   0.2892852233006167D+02  0  0  0  0  0  0  0  1
   34   0.3961485739301291D-05   0.3307820706331927D+01   0.2892852233006167D+02  0  0  0  0  0  0  0  1
   35   0.3961485739301291D-05   0.3307614661297965D+01   0.2892852233006167D+02  0  0  0  0  0  0  0  1
   36   0.2209106205222155D-05   0.1485152755442508D+01   0.2893044787365420D+02  0  0  0  0  0  0  0  1
   37   0.1956549440210912D-05   0.5130279568062417D+01   0.2892659678646914D+02  0  0  0  0  0  0  0  1
   38   0.1058742510185323D-05   0.1485223692846880D+01   0.2893044787365420D+02  0  0  0  0  0  0  0  1
   39   0.1058742510185323D-05   0.5130211674783012D+01   0.2892659678646914D+02  0  0  0  0  0  0  0  1
   40   0.1049147278699332D-03   0.5987172345751204D+01  -0.2850192410277287D+02  0  0  0  0  0  0  0 -1
   41   0.1328065342396536D-04   0.5987275095618058D+01  -0.2850192410277287D+02  0  0  0  0  0  0  0 -1
   42   0.6684462694404047D-05   0.1526550339106239D+01  -0.2850384964636540D+02  0  0  0  0  0  0  0 -1
   43   0.2236294716863211D-05   0.1023085701193345D+01  -0.2849999855918034D+02  0  0  0  0  0  0  0 -1
   44   0.2236294716863211D-05   0.4668073683129476D+01  -0.2850384964636540D+02  0  0  0  0  0  0  0 -1
   45   0.7114033777681735D-06   0.1526654607148799D+01  -0.2850384964636540D+02  0  0  0  0  0  0  0 -1
   46   0.6949147802577597D-06   0.5987371778580302D+01  -0.2850192410277287D+02  0  0  0  0  0  0  0 -1
   47   0.2058105309919415D-04   0.9190948014818194D+00  -0.2828862498912847D+02  0  0  0  0  0  0  0 -1
   48   0.2722012192785058D-05   0.9191972248231336D+00  -0.2828862498912847D+02  0  0  0  0  0  0  0 -1
   49   0.1400794496660462D-05   0.2741659729854258D+01  -0.2829055053272100D+02  0  0  0  0  0  0  0 -1
   50   0.4386017871369636D-06   0.5883181446039679D+01  -0.2829055053272100D+02  0  0  0  0  0  0  0 -1
   51   0.4386017871369636D-06   0.2238193464103548D+01  -0.2828669944553594D+02  0  0  0  0  0  0  0 -1
   52   0.1721342888159264D-04   0.9024276128068640D+00   0.2878391607068422D+03  0  0  0  0  0  2  0  0
   53   0.1645103872537621D-04   0.6221338739275052D+01   0.5080093201728285D+03  0  0  0  0  1  0  0  0
   54   0.1295232370537576D-04   0.4706187935978230D+01  -0.5714045498621007D+02  0  0  0  0  0 -1  0  3
   55   0.3074615033071044D-05   0.5446004958756377D+01  -0.5714741415968042D+02  0  0  0  0  0 -1  0  3
   56   0.4210058117501252D-06   0.1957966659954585D+01  -0.5713650560455830D+02  0  0  0  0  0 -1  0  3
   57   0.3297148610970001D-06   0.3283240059277484D+01  -0.5713458006096577D+02  0  0  0  0  0 -1  0  3
   58   0.1246701893241003D-04   0.3056131321602242D+01   0.7185152175058083D+00  0  0  0  0  0 -1  0  5
   59   0.1141609439284819D-04   0.4878643124436238D+01   0.7165896739132802D+00  0  0  0  0  0 -1  0  5
   60   0.4622849445770262D-05   0.6542846935894391D+00   0.7115560440354595D+00  0  0  0  0  0 -1  0  5
   61   0.4097571772366432D-05   0.2476739673478372D+01   0.7096305004429314D+00  0  0  0  0  0 -1  0  5
   62   0.3059086093929264D-05   0.2076274581959904D+01   0.7056811187911602D+00  0  0  0  0  0 -1  0  5
   63   0.2869127018959028D-05   0.1233485437260538D+01   0.7204407610983363D+00  0  0  0  0  0 -1  0  5
   64   0.1580459593848266D-05   0.5957697356265878D+01   0.6987219453208114D+00  0  0  0  0  0 -1  0  5
   65   0.9865359954273804D-06   0.5114846914000389D+01   0.7134815876279875D+00  0  0  0  0  0 -1  0  5
   66   0.6577318919877076D-06   0.3559551940631996D+01   0.7146641303207522D+00  0  0  0  0  0 -1  0  5
   67   0.5913037768933752D-06   0.5106224293368807D+01   0.7255209135085651D+00  0  0  0  0  0 -1  0  5
   68   0.5346245981429982D-06   0.2130300142857571D+01   0.7205390555650513D+00  0  0  0  0  0 -1  0  5
   69   0.4098021786747177D-06   0.4478092318805028D+01   0.7126402922615090D+00  0  0  0  0  0 -1  0  5
   70   0.3023788452701212D-06   0.3282662154041165D+01   0.7274464571010931D+00  0  0  0  0  0 -1  0  5
   71   0.2905389353328124D-06   0.1636237329753522D+01   0.7243901427501074D+00  0  0  0  0  0 -1  0  5
   72   0.1228187806589623D-04   0.3135228775838881D+01  -0.2892852233006167D+02  0  0  0  0  0  0  0 -1
   73   0.1176259764714520D-04   0.6276718658215128D+01  -0.2892852233006167D+02  0  0  0  0  0  0  0 -1
   74   0.6172687497060316D-05   0.4957689196191843D+01  -0.2893044787365420D+02  0  0  0  0  0  0  0 -1
   75   0.2961985147767668D-05   0.1816200919612724D+01  -0.2893044787365420D+02  0  0  0  0  0  0  0 -1
   76   0.2893333546637261D-05   0.6276918091044227D+01  -0.2892852233006167D+02  0  0  0  0  0  0  0 -1
   77   0.7601575967574296D-06   0.3638825235880475D+01  -0.2893237341724673D+02  0  0  0  0  0  0  0 -1
   78   0.4008228833174511D-06   0.1816300873382952D+01  -0.2893044787365420D+02  0  0  0  0  0  0  0 -1
   79   0.1154499923706900D-04   0.6282630218786875D+00   0.8635896876289621D+02  0  0  0  0  0  0  0  3
   80   0.1660158316268941D-05   0.6281605985373753D+00   0.8635896876289621D+02  0  0  0  0  0  0  0  3
   81   0.8543461484774715D-06   0.5088883400685836D+01   0.8636089430648875D+02  0  0  0  0  0  0  0  3
   82   0.1050421274404971D-04   0.1871271231028191D+00  -0.1439259728291617D+03  0  0  0  0  0 -1  0  0
   83   0.9807167381341471D-05   0.4647844982264678D+01  -0.1439240472855692D+03  0  0  0  0  0 -1  0  0
   84   0.2816558865567409D-05   0.2009743661307299D+01  -0.1439278983727543D+03  0  0  0  0  0 -1  0  0
   85   0.3824414539954584D-06   0.4420210596752325D+01  -0.1439329785251645D+03  0  0  0  0  0 -1  0  0
   86   0.1048627591564010D-04   0.4956843545116611D-01  -0.2010625275809534D+03  0  0  0  0  0 -2  0  3
   87   0.3279448099865014D-06   0.2451375363875169D+01  -0.2010555684074830D+03  0  0  0  0  0 -2  0  3
   88   0.3126490699275733D-06   0.1368667098072893D+01  -0.2010606020373608D+03  0  0  0  0  0 -2  0  3
   89   0.3126490699275733D-06   0.5013655080009026D+01  -0.2010644531245459D+03  0  0  0  0  0 -2  0  3
   90   0.1034350804286399D-04   0.1792690836877676D+01  -0.1149935502646816D+03  0  0  0  0  0 -1  0  1
   91   0.3660318350154349D-06   0.4194707709203449D+01  -0.1149865910912113D+03  0  0  0  0  0 -1  0  1
   92   0.3362081661163648D-06   0.4540912112901320D+01  -0.1149974996463334D+03  0  0  0  0  0 -1  0  1
   93   0.9029410063641440D-05   0.1994597716654372D+01   0.8385108703595477D+03  0  0  0  1  0  0  0  0
   94   0.8024442052834091D-05   0.3193669906570326D+01   0.5785506996929746D+02  0  0  0  0  0  0  0  2
   95   0.4262641945379126D-05   0.7918495104173626D+00   0.5784811079582711D+02  0  0  0  0  0  0  0  2
   96   0.7066767025578607D-05   0.5707015564669242D+01  -0.2299821160467188D+03  0  0  0  0  0 -2  0  2
   97   0.6251473936893123D-05   0.3940966283548398D+00  -0.4501522755127052D+03  0  0  0  0 -1  0  0  2
   98   0.5659369633167750D-05   0.5239109003991030D+01   0.1215663929056177D+04  0  0  1  0  0  0  0  0
   99   0.4290089389673601D-05   0.4557743275927342D+00   0.2850192410277287D+02  0  0  0  0  0  0  0  1
  100   0.3827134505848882D-05   0.3597263996278870D+01   0.2850192410277287D+02  0  0  0  0  0  0  0  1
  101   0.2332336374925157D-05   0.2278233679185805D+01   0.2849999855918034D+02  0  0  0  0  0  0  0  1
  102   0.1476386405746395D-05   0.5419931564856051D+01   0.2849999855918034D+02  0  0  0  0  0  0  0  1
  103   0.1442167364939238D-05   0.3597463429107968D+01   0.2850192410277287D+02  0  0  0  0  0  0  0  1
  104   0.3788966811408025D-06   0.9593705739442162D+00   0.2849807301558782D+02  0  0  0  0  0  0  0  1
  105   0.4165399751611416D-05   0.6159661040037157D+01   0.2935512055735047D+02  0  0  0  0  0  0  0  1
  106   0.3715900456157925D-05   0.3018171371351021D+01   0.2935512055735047D+02  0  0  0  0  0  0  0  1
  107   0.2264548002233273D-05   0.4337201688444086D+01   0.2935704610094300D+02  0  0  0  0  0  0  0  1
  108   0.1433475857771437D-05   0.1195503802773841D+01   0.2935704610094300D+02  0  0  0  0  0  0  0  1
  109   0.1400251378947848D-05   0.3017971938521923D+01   0.2935512055735047D+02  0  0  0  0  0  0  0  1
  110   0.3678842089652509D-06   0.5656064793685675D+01   0.2935897164453553D+02  0  0  0  0  0  0  0  1
  111   0.3500731595844181D-05   0.1909247431651662D+01   0.1149974996463334D+03  0  0  0  0  0  1  0 -1
  112   0.3207481705138808D-05   0.4620837650975520D+01  -0.7806538256994243D+03  0  0  0 -1  0  0  0  2
  113   0.3045177521748787D-05   0.1630471929251210D+01  -0.2871522321641727D+02  0  0  0  0  0  0  0 -1
  114   0.1249614513454947D-05   0.4350336190876849D+01  -0.2871522321641727D+02  0  0  0  0  0  0  0 -1
  115   0.1095523574996029D-05   0.1208641113945746D+01  -0.2871522321641727D+02  0  0  0  0  0  0  0 -1
  116   0.6430732154817181D-06   0.6172798695907975D+01  -0.2871714876000980D+02  0  0  0  0  0  0  0 -1
  117   0.4165209314501650D-06   0.1630574352592522D+01  -0.2871522321641727D+02  0  0  0  0  0  0  0 -1
  118   0.3667610652854651D-06   0.3031308682522925D+01  -0.2871714876000980D+02  0  0  0  0  0  0  0 -1
  119   0.3582604371229245D-06   0.1208840546774842D+01  -0.2871522321641727D+02  0  0  0  0  0  0  0 -1
  120   0.2944808616906725D-05   0.2134202564392020D+01  -0.2807532587548407D+02  0  0  0  0  0  0  0 -1
  121   0.4028078479881629D-06   0.2134304987733334D+01  -0.2807532587548407D+02  0  0  0  0  0  0  0 -1
  122   0.2918130882538270D-05   0.1562086464859070D+01  -0.3160580525364609D+03  0  0  0  0  0 -3  0  4
  123   0.2652490001043860D-05   0.5696340566148072D+01   0.8614566964925181D+02  0  0  0  0  0  0  0  3
  124   0.3239657527107578D-06   0.5696238142806759D+01   0.8614566964925181D+02  0  0  0  0  0  0  0  3
  125   0.2223396437049981D-05   0.4822744530752217D+01   0.1728505949248050D+03  0  0  0  0  0  1  0  1
  126   0.2144377111729538D-05   0.3170159823835280D+01  -0.2820803242172999D+02  0  0  0  0  0 -1  0  4
  127   0.2094675673402415D-05   0.4992627959583361D+01  -0.2820995796532252D+02  0  0  0  0  0 -1  0  4
  128   0.9711472430656398D-06   0.2190338602286141D+01  -0.2822086652044464D+02  0  0  0  0  0 -1  0  4
  129   0.5503284015527491D-06   0.1347535507567527D+01  -0.2820610687813746D+02  0  0  0  0  0 -1  0  4
  130   0.4509478629698950D-06   0.1450547484355915D+01  -0.2821390734697429D+02  0  0  0  0  0 -1  0  4
  131   0.1980399556792357D-05   0.1376326363638862D+01  -0.1157806884396054D+04  0  0 -1  0  0  0  0  2
  132   0.1962428337898891D-05   0.4799234448017168D+01   0.8678749253377755D+02  0  0  0  0  0  0  0  3
  133   0.1651997757838688D-05   0.3480206939663244D+01   0.8678556699018502D+02  0  0  0  0  0  0  0  3
  134   0.1630513899533984D-05   0.3385172765856651D+00   0.8678556699018502D+02  0  0  0  0  0  0  0  3
  135   0.1448288628265927D-05   0.3387167094147629D+00   0.8678556699018502D+02  0  0  0  0  0  0  0  3
  136   0.8501465841371375D-06   0.1657744434632118D+01   0.8678749253377755D+02  0  0  0  0  0  0  0  3
  137   0.3039469315779643D-06   0.2976610131749417D+01   0.8678941807737007D+02  0  0  0  0  0  0  0  3
  138   0.1948656845764241D-05   0.1451237650194714D+00   0.2017830174892851D+03  0  0  0  0  0  1  0  2
  139   0.1903491726480552D-05   0.1967591900767555D+01   0.2017810919456925D+03  0  0  0  0  0  1  0  2
  140   0.5000991669041441D-06   0.4605684755931306D+01   0.2017849430328776D+03  0  0  0  0  0  1  0  2
  141   0.1831410067152233D-05   0.3077113311796339D+01  -0.1721359799417176D+03  0  0  0  0  0 -2  0  4
  142   0.7115752344230280D-06   0.6753063833723361D+00  -0.1721429391151880D+03  0  0  0  0  0 -2  0  4
  143   0.1733359910757746D-05   0.7423107991233067D+00   0.5743242112366043D+02  0  0  0  0  0  0  0  2
  144   0.1242741081493270D-05   0.2092609920904744D+01   0.2871522321641727D+02  0  0  0  0  0  0  0  1
  145   0.4165435585729947D-06   0.2092507497563432D+01   0.2871522321641727D+02  0  0  0  0  0  0  0  1
  146   0.4165435585729947D-06   0.2092712344246056D+01   0.2871522321641727D+02  0  0  0  0  0  0  0  1
  147   0.1231321836921703D-05   0.1920120665056447D+01  -0.2914182144370607D+02  0  0  0  0  0  0  0 -1
  148   0.1079486582646652D-05   0.5061610895304928D+01  -0.2914182144370607D+02  0  0  0  0  0  0  0 -1
  149   0.6336594881351334D-06   0.3742583170087572D+01  -0.2914374698729860D+02  0  0  0  0  0  0  0 -1
  150   0.3613921763521041D-06   0.6010931567025215D+00  -0.2914374698729860D+02  0  0  0  0  0  0  0 -1
  151   0.3530159859578773D-06   0.5061810328134025D+01  -0.2914182144370607D+02  0  0  0  0  0  0  0 -1
  152   0.1224549022763507D-05   0.4522825446725147D+01   0.2914182144370607D+02  0  0  0  0  0  0  0  1
  153   0.4104459208639739D-06   0.4522927870066459D+01   0.2914182144370607D+02  0  0  0  0  0  0  0  1
  154   0.4104459208639739D-06   0.4522723023383834D+01   0.2914182144370607D+02  0  0  0  0  0  0  0  1
  155   0.1155571530124003D-05   0.2959627469406032D+01  -0.5742847174200866D+02  0  0  0  0  0  0  0 -2
  156   0.1093705824191350D-05   0.2826816249991383D+00   0.2589195722410767D+03  0  0  0  0  0  2  0 -1
  157   0.9865831571531203D-06   0.5523851310299774D+01   0.2828862498912847D+02  0  0  0  0  0  0  0  1
  158   0.8649268200054579D-06   0.2382156233368668D+01   0.2828862498912847D+02  0  0  0  0  0  0  0  1
  159   0.5077127357111450D-06   0.1063128508151314D+01   0.2828669944553594D+02  0  0  0  0  0  0  0  1
  160   0.9438814987601647D-06   0.1091584057330117D+01   0.2956841967099487D+02  0  0  0  0  0  0  0  1
  161   0.8274907363514915D-06   0.4233279134261223D+01   0.2956841967099487D+02  0  0  0  0  0  0  0  1
  162   0.4857377246389406D-06   0.5552306859478579D+01   0.2957034521458740D+02  0  0  0  0  0  0  0  1
  163   0.8343508926599710D-06   0.3074604494266973D+01  -0.4310535774919684D+03  0  0  0  0  0 -4  0  5
  164   0.7844727255827545D-06   0.3424774740430573D+01  -0.2935512055735047D+02  0  0  0  0  0  0  0 -1
  165   0.6907267387443708D-06   0.2105747232076648D+01  -0.2935704610094300D+02  0  0  0  0  0  0  0 -1
  166   0.6747173753638274D-06   0.2832790963285650D+00  -0.2935512055735047D+02  0  0  0  0  0  0  0 -1
  167   0.4037032162050010D-06   0.5247237245461699D+01  -0.2935704610094300D+02  0  0  0  0  0  0  0 -1
  168   0.3949980093220293D-06   0.5247439839436669D+01  -0.2935704610094300D+02  0  0  0  0  0  0  0 -1
  169   0.3438693915458760D-06   0.2830796634994670D+00  -0.2935512055735047D+02  0  0  0  0  0  0  0 -1
  170   0.5831454312634436D-06   0.4589631341204242D+01  -0.2871315048972251D+03  0  0  0  0  0 -3  0  5
  171   0.5756485350981315D-06   0.3655807898223860D+01   0.1152855164021320D+03  0  0  0  0  0  0  0  4
  172   0.5754083403713949D-06   0.3163232139672567D+01   0.4317542741281151D+03  0  0  0  0  0  3  0  0
  173   0.4595462189000190D-06   0.5053348902770820D+01   0.3739150971965843D+03  0  0  0  0  0  3  0 -2
  174   0.4231711644426220D-06   0.1822484926062486D+00   0.2435144296437475D+04  1  0  0  0  0  0  0  0
  175   0.4105962555389770D-06   0.5815663679651547D+01  -0.1617010253837573D+04  0 -1  0  0  0  0  0  2
  176   0.3999910250873396D-06   0.7997716879783442D+00   0.1674867298497696D+04  0  1  0  0  0  0  0  0
  177   0.3827903648104360D-06   0.3349310327302221D+01  -0.2786202676183967D+02  0  0  0  0  0  0  0 -1
  178   0.3770599260080091D-06   0.4984963438378681D+01   0.8657226787654062D+02  0  0  0  0  0  0  0  3
  179   0.3591607352372491D-06   0.4481232803237869D+01   0.8593237053560742D+02  0  0  0  0  0  0  0  3
  180   0.3386727736182448D-06   0.5810388343392691D+01   0.5721912201001602D+02  0  0  0  0  0  0  0  2
  181   0.3140166875052082D-06   0.4215499030507360D+01  -0.2878410862504347D+03  0  0  0  0  0 -2  0  0
  182   0.3067385455485728D-06   0.2393030894759276D+01  -0.2878391607068422D+03  0  0  0  0  0 -2  0  0
  183   0.3076753876071480D-06   0.5185765171332203D+01  -0.5080112457164210D+03  0  0  0  0 -1  0  0  0
  184   0.3005442215364578D-06   0.3363297035584122D+01  -0.5080093201728285D+03  0  0  0  0 -1  0  0  0
 9999  0  0  0  0  0  0  0  0  0  0  0
    8    4
    1   0.1320165332695350D+00   0.3221523573692266D+01   0.0000000000000000D+00  0  0  0  0  0  0  0  0
    2   0.6794549145709775D-01   0.5047886356662284D+01  -0.1925543592528062D-02  0  0  0  0  0  0  0  0
    3   0.6892434301339112D-03   0.1398038368144667D+01   0.1925543592528062D-02  0  0  0  0  0  0  0  0
    4   0.2730634121085477D-03   0.3074026406224565D+01  -0.8931239595284827D-02  0  0  0  0  0  0  0  0
    5   0.2641112196820165D-03   0.6085250961969193D+01   0.4265982401557260D+00  0  0  0  0  0  0  0  0
    6   0.1816919041955310D-03   0.1123018507358733D+01   0.4285237837482541D+00  0  0  0  0  0  0  0  0
    7   0.4570393856724005D-04   0.3663028182224427D+01  -0.3851087185056125D-02  0  0  0  0  0  0  0  0
    8   0.4494417792607357D-04   0.5092981879591376D+01  -0.2132991200778630D+00  0  0  0  0  0  0  0  0
    9   0.3374620641006819D-04   0.1072212121537805D+01   0.6398973602335890D+00  0  0  0  0  0  0  0  0
   10   0.3010291742672222D-04   0.4323389769715201D+01   0.2132991200778630D+00  0  0  0  0  0  0  0  0
   11   0.2873148969672351D-04   0.1130417841604620D+01   0.3900234418413626D-02  0  0  0  0  0  0  0  0
   12   0.2832841674512957D-04   0.3775418852980096D+01  -0.2152246636703911D+00  0  0  0  0  0  0  0  0
   13   0.2829811667283325D-04   0.3179813769687029D+01   0.2113735764853349D+00  0  0  0  0  0  0  0  0
   14   0.2348785638862567D-04   0.2392069283444719D+01   0.6418229038261171D+00  0  0  0  0  0  0  0  0
   15   0.1915644482319336D-04   0.1666983826523547D+01   0.5874925244299190D-02  0  0  0  0  0  0  0  0
   16   0.1388791091408471D-04   0.6199545784892948D+01  -0.6831187836279569D-02  0  0  0  0  0  0  0  0
   17   0.1363049113672050D-04   0.1573081241951383D+01  -0.1085678318781289D-01  0  0  0  0  0  0  0  0
   18   0.1115402869499410D-04   0.2124370914205684D+01   0.1786772859246875D-01  0  0  0  0  0  0  0  0
   19   0.9901282214730337D-05   0.3022565890567675D+01   0.2152246636703911D+00  0  0  0  0  0  0  0  0
   20   0.9851993483313069D-05   0.3568018055505390D+01   0.8931239595284827D-02  0  0  0  0  0  0  0  0
   21   0.6564159971602750D-05   0.5899199575040269D+01   0.1090855512211994D-01  0  0  0  0  0  0  0  0
   22   0.5927925628073686D-05   0.2236765758751786D+01  -0.5924072477656691D-02  0  0  0  0  0  0  0  0
   23   0.5075828846612914D-05   0.3331278759394790D+00   0.1979327218499681D-01  0  0  0  0  0  0  0  0
   24   0.5003929435494984D-05   0.5249025520673378D+01  -0.4285237837482541D+00  0  0  0  0  0  0  0  0
   25   0.4700210983954140D-05   0.3997089887831509D+01  -0.4304493273407821D+00  0  0  0  0  0  0  0  0
   26   0.3932389676076612D-05   0.5902900444967474D+01   0.4334294279920056D+00  0  0  0  0  0  0  0  0
   27   0.3855202341799354D-05   0.3260409788853447D+01   0.4197670523194464D+00  0  0  0  0  0  0  0  0
   28   0.3494901083668216D-05   0.2384257843599439D+01   0.8531964803114520D+00  0  0  0  0  0  0  0  0
   29   0.6779699256950095D-06   0.3450394767068876D+01  -0.4265982401557260D+00  0  0  0  0  0  0  0  0
 9998  0  0  0  0  0  0  0  0  0  0  0
   30   0.2987819907657320D-04   0.1592450553501527D+01  -0.1149955249555075D+03  0  0  0  0  0 -1  0  1
   31   0.1598538661690393D-04   0.3414911760531445D+01  -0.1149974504991001D+03  0  0  0  0  0 -1  0  1
   32   0.5196347763201437D-06   0.1364682192599308D+01  -0.1150044561951028D+03  0  0  0  0  0 -1  0  1
   33   0.2011086466288782D-04   0.5022984906438330D+01   0.1728525696156309D+03  0  0  0  0  0  1  0  1
   34   0.1081178008232983D-04   0.3200523219219202D+01   0.1728544951592234D+03  0  0  0  0  0  1  0  1
   35   0.3781314342005297D-06   0.5250621987578875D+01   0.1728615008552262D+03  0  0  0  0  0  1  0  1
   36   0.4023273549659016D-05   0.3393911100068438D+01   0.5785704466012334D+02  0  0  0  0  0  0  0  2
   37   0.3549114063300533D-05   0.2524208698199577D+00   0.5785704466012334D+02  0  0  0  0  0  0  0  2
   38   0.1832371513844348D-05   0.1571448595037313D+01   0.5785897020371587D+02  0  0  0  0  0  0  0  2
   39   0.3828678448728374D-05   0.3683559835873675D+01   0.5743044643283454D+02  0  0  0  0  0  0  0  2
   40   0.2697300374723224D-05   0.5420696056251947D+00   0.5743044643283454D+02  0  0  0  0  0  0  0  2
   41   0.1388077368193791D-05   0.2364532110656320D+01   0.5742852088924202D+02  0  0  0  0  0  0  0  2
   42   0.4332348469960449D-06   0.3683457412532363D+01   0.5743044643283454D+02  0  0  0  0  0  0  0  2
   43   0.1310815780246894D-05   0.3256355709659855D+01   0.7204899083316938D+00  0  0  0  0  0 -1  0  5
   44   0.8833068155471169D-06   0.4678333554199201D+01   0.7146149830873946D+00  0  0  0  0  0 -1  0  5
   45   0.8604417421849733D-06   0.5078832057446901D+01   0.7185643647391657D+00  0  0  0  0  0 -1  0  5
   46   0.6718820321393613D-06   0.1433809611894344D+01   0.7224154519242219D+00  0  0  0  0  0 -1  0  5
   47   0.5950685735865521D-06   0.2276553135246288D+01   0.7076558096170459D+00  0  0  0  0  0 -1  0  5
   48   0.4545649462411443D-06   0.2855871049168076D+01   0.7165405266799226D+00  0  0  0  0  0 -1  0  5
   49   0.3062968607914330D-06   0.4541169170095360D+00   0.7095813532095739D+00  0  0  0  0  0 -1  0  5
   50   0.1141957796039554D-05   0.5137033501494948D+01   0.1439260219763951D+03  0  0  0  0  0  1  0  0
   51   0.5876712089500302D-06   0.3314570996463822D+01   0.1439279475199876D+03  0  0  0  0  0  1  0  0
   52   0.1141957796039554D-05   0.1706497420624183D+01  -0.1439220725947433D+03  0  0  0  0  0 -1  0  0
   53   0.5876712089500301D-06   0.3528959925655309D+01  -0.1439239981383359D+03  0  0  0  0  0 -1  0  0
   54   0.9240554014049475D-06   0.2468452072963474D+01   0.5721714731919014D+02  0  0  0  0  0  0  0  2
   55   0.5270142364742109D-06   0.5610147149894579D+01   0.5721714731919014D+02  0  0  0  0  0  0  0  2
   56   0.8562203475402176D-06   0.5620822378456090D+01  -0.2589106383767805D+03  0  0  0  0  0 -2  0  1
   57   0.4406257818911077D-06   0.1160099576307630D+01  -0.2589125639203730D+03  0  0  0  0  0 -2  0  1
   58   0.8081541157870830D-06   0.3797607613118295D+01   0.2850389879359876D+02  0  0  0  0  0  0  0  1
   59   0.4609125422972075D-06   0.6561173828698139D+00   0.2850389879359876D+02  0  0  0  0  0  0  0  1
   60   0.7978736105198133D-06   0.3079032121013479D+00  -0.4790807978427668D+03  0  0  0  0 -1  0  0  1
   61   0.4105995430914010D-06   0.2130365717132474D+01  -0.4790827233863593D+03  0  0  0  0 -1  0  0  1
   62   0.7962365977686471D-06   0.3664686470645773D+00   0.2893049702088756D+02  0  0  0  0  0  0  0  1
   63   0.4541156536587076D-06   0.3507958877313058D+01   0.2893049702088756D+02  0  0  0  0  0  0  0  1
   64   0.3695428746936740D-06   0.7056695618928304D+00   0.2891958846576544D+02  0  0  0  0  0  0  0  1
   65   0.3695428746936740D-06   0.2768173152147268D+01   0.2893745619435791D+02  0  0  0  0  0  0  0  1
   66   0.7454540946216246D-06   0.1764836475886549D+01  -0.5713848029538418D+02  0  0  0  0  0 -1  0  3
   67   0.3836235546728265D-06   0.6225559278035010D+01  -0.5713655475179166D+02  0  0  0  0  0 -1  0  3
   68   0.7118995492853203D-06   0.2434684834895837D-01   0.5369378425028901D+03  0  0  0  0  1  0  0  1
   69   0.3663558059942478D-06   0.4485069650497419D+01   0.5369397680464826D+03  0  0  0  0  1  0  0  1
   70   0.6998372934208747D-06   0.9946129891738023D+00   0.3167676830369039D+03  0  0  0  0  0  2  0  1
   71   0.3601483607531824D-06   0.5455335791322262D+01   0.3167696085804964D+03  0  0  0  0  0  2  0  1
   72   0.4754237067161859D-06   0.4619994519724736D+01  -0.8606897731627176D+02  0  0  0  0  0 -1  0  2
   73   0.4385541576256689D-06   0.6246560326377261D+01  -0.2299910499110151D+03  0  0  0  0  0 -2  0  2
   74   0.4268928712637706D-06   0.3104364787604514D+01   0.5828364288741214D+02  0  0  0  0  0  0  0  2
   75   0.4090821761277136D-06   0.4534644234722027D+01  -0.8095823480294860D+03  0  0  0 -1  0  0  0  1
   76   0.3930946817313776D-06   0.5320498414089342D+01   0.5764374554647894D+02  0  0  0  0  0  0  0  2
   77   0.3902069246730890D-06   0.1467528632730159D+01   0.5807034377376775D+02  0  0  0  0  0  0  0  2
   78   0.3817968724121190D-06   0.2080791132907865D+01   0.8674393926896093D+03  0  0  0  1  0  0  0  1
   79   0.3730666308347880D-06   0.3531492325926554D+01   0.1149935994119150D+03  0  0  0  0  0  1  0 -1
   80   0.3504051883832708D-06   0.3688750412526320D+00   0.2878480945711384D+03  0  0  0  0  0  2  0  0
 9999  0  0  0  0  0  0  0  0  0  0  0
